Workbook

Sheet 1
A1: Line | B1: Name | C1: Code | D1: English name | E1: Brand | F1: Nomenclature group | G1: Type of nomenclature | H1: Batch number | I1: Planned production, pcs | J1: Actual production, pcs | K1: Target line productivity rate per minute | L1: Line setup time, min | M1: Time of food stops, min | N1: Time for stops independent of line personnel, min | O1: Description of the reason for stopping column "N" | P1: Total batch production time, min | Q1: Initial defective cans, pcs | R1: Manufacturing defects of cans, pcs | S1: Недостача баллонов, шт. | T1: Излишек баллонов, шт. | U1: Number of cans taken by the laboratory for arbitration storage, pcs | V1: Initial defective cans, % | W1: Manufacturing defects of cans, % | X1: Number of cans taken by the laboratory for arbitration storage, % | Y1: ОЕЕ1 | Z1: ОЕЕ2 | AA1: ОЕЕ | AB1: Comment
A2: A1 | B2: Освежитель воздуха AIR WICK Французская ривьера (Морская волна и легкий бриз) | C2: ER-00012432 | D2: =VLOOKUP(C2,Setup!A:F,3,) -> Air freshener AIR WICK French Riviera Sea wave and Light breeze, 290 ml, new | E2: =VLOOKUP(C2,Setup!A:F,4,) -> AIR WICK | F2: =VLOOKUP(C2,Setup!A:F,5,) -> AIR FRESHENERS | G2: =VLOOKUP(C2,Setup!A:F,6,) -> Air fresheners waterbase RB | H2: OA227 | I2: 46832 | J2: 46872 | K2: 120 | L2: 120 | M2: 0 | P2: 534 | Q2: 6 | R2: 6 | U2: 8 | V2: =Q2/(Q2+J2) -> 0.00012799181 | W2: =R2/(R2+J2) -> 0.00012799181 | X2: =U2/(U2+J2) -> 0.00017064846 | Y2: =(J2/(K2*(P2-M2-N2))) -> 0.73146067 | Z2: =(J2/(J2+R2+S2-T2)) -> 0.99987201 | AA2: =Y2*Z2 -> 0.73136705
A3: A1 | B3: Освежитель воздуха AIR WICK Швейцарские альпы (Утренняя роса и зеленый лес) | C3: ER-00012431 | D3: =VLOOKUP(C3,Setup!A:F,3,) -> Air freshener AIR WICK Swiss Alps Morning Dew and Green Forest, 290 ml, new | E3: =VLOOKUP(C3,Setup!A:F,4,) -> AIR WICK | F3: =VLOOKUP(C3,Setup!A:F,5,) -> AIR FRESHENERS | G3: =VLOOKUP(C3,Setup!A:F,6,) -> Air fresheners waterbase RB | H3: OA228 | I3: 18640 | J3: =18600+408 -> 19008 | K3: 120 | L3: 15 | M3: 0 | P3: =201-10+18 -> 209 | Q3: 3 | R3: 2 | U3: =8+6 -> 14 | V3: =Q3/(Q3+J3) -> 0.00015780338 | W3: =R3/(R3+J3) -> 0.00010520779 | X3: =U3/(U3+J3) -> 0.00073598991 | Y3: =(J3/(K3*(P3-M3-N3))) -> 0.75789474 | Z3: =(J3/(J3+R3+S3-T3)) -> 0.99989479 | AA3: =Y3*Z3 -> 0.757815
A4: A1 | B4: Освежитель воздуха AIR WICK Испанские каникулы (Грейпфрут и цветущий лайм) | C4: ER-00012435 | D4: =VLOOKUP(C4,Setup!A:F,3,) -> Air freshener AIR WICK Spanish holidays Grapefruit and Blooming lime, 290 ml, new | E4: =VLOOKUP(C4,Setup!A:F,4,) -> AIR WICK | F4: =VLOOKUP(C4,Setup!A:F,5,) -> AIR FRESHENERS | G4: =VLOOKUP(C4,Setup!A:F,6,) -> Air fresheners waterbase RB | H4: OA289 | I4: 13608 | J4: 13608 | K4: 120 | L4: 15 | M4: 0 | P4: 161 | Q4: 4 | R4: 3 | U4: =8+6 -> 14 | V4: =Q4/(Q4+J4) -> 0.00029385836 | W4: =R4/(R4+J4) -> 0.00022040996 | X4: =U4/(U4+J4) -> 0.0010277492 | Y4: =(J4/(K4*(P4-M4-N4))) -> 0.70434783 | Z4: =(J4/(J4+R4+S4-T4)) -> 0.99977959 | AA4: =Y4*Z4 -> 0.70419258
A5: A1 | B5: Освежитель воздуха AIR WICK Испанские каникулы (Грейпфрут и цветущий лайм) | C5: ER-00012435 | D5: =VLOOKUP(C5,Setup!A:F,3,) -> Air freshener AIR WICK Spanish holidays Grapefruit and Blooming lime, 290 ml, new | E5: =VLOOKUP(C5,Setup!A:F,4,) -> AIR WICK | F5: =VLOOKUP(C5,Setup!A:F,5,) -> AIR FRESHENERS | G5: =VLOOKUP(C5,Setup!A:F,6,) -> Air fresheners waterbase RB | H5: OA288 | I5: 18480 | J5: 18684 | K5: 120 | L5: 15 | M5: 0 | P5: 174 | Q5: 18 | R5: =11+5 -> 16 | U5: 8 | V5: =Q5/(Q5+J5) -> 0.00096246391 | W5: =R5/(R5+J5) -> 0.00085561497 | X5: =U5/(U5+J5) -> 0.00042799058 | Y5: =(J5/(K5*(P5-M5-N5))) -> 0.89482759 | Z5: =(J5/(J5+R5+S5-T5)) -> 0.99914439 | AA5: =Y5*Z5 -> 0.89406196
A6: A1 | B6: Освежитель воздуха AIR WICK Мальдивские мечты (Тропические цветы и пачули) | C6: ER-00012888 | D6: =VLOOKUP(C6,Setup!A:F,3,) -> Air freshener AIR WICK Maldivian Dreams Tropical flowers and Patchouli, 290 ml, new | E6: =VLOOKUP(C6,Setup!A:F,4,) -> AIR WICK | F6: =VLOOKUP(C6,Setup!A:F,5,) -> AIR FRESHENERS | G6: =VLOOKUP(C6,Setup!A:F,6,) -> Air fresheners waterbase RB | H6: OA289 | I6: 27216 | J6: 27216 | K6: 90 | L6: 30 | M6: 0 | P6: 310 | Q6: 8 | R6: 15 | U6: 8 | V6: =Q6/(Q6+J6) -> 0.00029385836 | W6: =R6/(R6+J6) -> 0.00055084279 | X6: =U6/(U6+J6) -> 0.00029385836 | Y6: =(J6/(K6*(P6-M6-N6))) -> 0.97548387 | Z6: =(J6/(J6+R6+S6-T6)) -> 0.99944916 | AA6: =Y6*Z6 -> 0.97494653
A7: A1 | B7: Освежитель воздуха AIR WICK Мальдивские мечты (Тропические цветы и пачули) SRP | C7: ER-00013064 | D7: =VLOOKUP(C7,Setup!A:F,3,) -> Air freshener AIR WICK Maldivian Dreams Tropical flowers and Patchouli, 290 ml, new | E7: =VLOOKUP(C7,Setup!A:F,4,) -> AIR WICK | F7: =VLOOKUP(C7,Setup!A:F,5,) -> AIR FRESHENERS | G7: =VLOOKUP(C7,Setup!A:F,6,) -> Air fresheners waterbase RB | H7: OA285 | I7: 27720 | J7: =3648+24816 -> 28464 | K7: 120 | L7: 15 | M7: 15 | P7: =72-10+241 -> 303 | Q7: 2 | R7: 15 | U7: =6+2 -> 8 | V7: =Q7/(Q7+J7) -> 7.0259257e-05 | W7: =R7/(R7+J7) -> 0.00052670389 | X7: =U7/(U7+J7) -> 0.0002809778 | Y7: =(J7/(K7*(P7-M7-N7))) -> 0.82361111 | Z7: =(J7/(J7+R7+S7-T7)) -> 0.9994733 | AA7: =Y7*Z7 -> 0.82317731
A8: A1 | B8: Освежитель воздуха AIR WICK Японская весна (Цветущая сакура и бергамот) | C8: ER-00012430 | D8: =VLOOKUP(C8,Setup!A:F,3,) -> Air freshener AIR WICK Japanese Spring Cherry blossoms and Bergamot, 290 ml, new | E8: =VLOOKUP(C8,Setup!A:F,4,) -> AIR WICK | F8: =VLOOKUP(C8,Setup!A:F,5,) -> AIR FRESHENERS | G8: =VLOOKUP(C8,Setup!A:F,6,) -> Air fresheners waterbase RB | H8: OA286 | I8: 11550 | J8: 11532 | K8: 120 | L8: 15 | M8: 0 | P8: 129 | Q8: =2+4 -> 6 | R8: 4 | U8: =6+2 -> 8 | V8: =Q8/(Q8+J8) -> 0.0005200208 | W8: =R8/(R8+J8) -> 0.00034674064 | X8: =U8/(U8+J8) -> 0.0006932409 | Y8: =(J8/(K8*(P8-M8-N8))) -> 0.74496124 | Z8: =(J8/(J8+R8+S8-T8)) -> 0.99965326 | AA8: =Y8*Z8 -> 0.74470293
A9: A1 | B9: Освежитель воздуха AIR WICK Марокканское утро (Листочки мяты и Зелёный чай) | C9: ER-00011334 | D9: =VLOOKUP(C9,Setup!A:F,3,) -> Air freshener AIR WICK Moroccan morning Mint leaves and Green tea, 290 ml, new | E9: =VLOOKUP(C9,Setup!A:F,4,) -> AIR WICK | F9: =VLOOKUP(C9,Setup!A:F,5,) -> AIR FRESHENERS | G9: =VLOOKUP(C9,Setup!A:F,6,) -> Air fresheners waterbase RB | H9: OA229 | I9: 8076 | J9: 8064 | K9: 120 | L9: 15 | M9: 0 | P9: 90 | Q9: =3+8 -> 11 | R9: =3+1 -> 4 | U9: =6+2 -> 8 | V9: =Q9/(Q9+J9) -> 0.0013622291 | W9: =R9/(R9+J9) -> 0.00049578582 | X9: =U9/(U9+J9) -> 0.00099108028 | Y9: =(J9/(K9*(P9-M9-N9))) -> 0.74666667 | Z9: =(J9/(J9+R9+S9-T9)) -> 0.99950421 | AA9: =Y9*Z9 -> 0.74629648
A10: A1 | B10: Освежитель воздуха AIR WICK Freshmatic Нежный шелк и лилия SRP | C10: ER-00012474 | D10: =VLOOKUP(C10,Setup!A:F,3,) -> Air freshener AIR WICK Freshmatic Delicate silk and lily, 250 ml | E10: =VLOOKUP(C10,Setup!A:F,4,) -> AIR WICK | F10: =VLOOKUP(C10,Setup!A:F,5,) -> AIR FRESHENERS | G10: =VLOOKUP(C10,Setup!A:F,6,) -> Air fresheners refill RB | H10: OA230 | I10: 61000 | J10: =7974+44670+10590 -> 63234 | K10: 84 | L10: 120 | M10: =15+60+15 -> 90 | P10: =275-10+735-10+226 -> 1216 | Q10: =7+4 -> 11 | R10: =9+7 -> 16 | U10: =38+2 -> 40 | V10: =Q10/(Q10+J10) -> 0.00017392679 | W10: =R10/(R10+J10) -> 0.00025296443 | X10: =U10/(U10+J10) -> 0.00063217119 | Y10: =(J10/(K10*(P10-M10-N10))) -> 0.66854859 | Z10: =(J10/(J10+R10+S10-T10)) -> 0.99974704 | AA10: =Y10*Z10 -> 0.66837947
A11: A1 | B11: Освежитель воздуха AIR WICK Freshmatic Райский десерт | C11: ER-00012477 | D11: =VLOOKUP(C11,Setup!A:F,3,) -> Air freshener AIR WICK Freshmatic Life Scents series Paradise dessert, 250 ml | E11: =VLOOKUP(C11,Setup!A:F,4,) -> AIR WICK | F11: =VLOOKUP(C11,Setup!A:F,5,) -> AIR FRESHENERS | G11: =VLOOKUP(C11,Setup!A:F,6,) -> Air fresheners refill RB | H11: OA231 | I11: 26820 | J11: 27558 | K11: 84 | L11: 15 | M11: 45 | P11: 447 | Q11: =8 -> 8 | R11: =11 -> 11 | U11: =23 -> 23 | V11: =Q11/(Q11+J11) -> 0.00029021258 | W11: =R11/(R11+J11) -> 0.00039899888 | X11: =U11/(U11+J11) -> 0.0008339074 | Y11: =(J11/(K11*(P11-M11-N11))) -> 0.81609808 | Z11: =(J11/(J11+R11+S11-T11)) -> 0.999601 | AA11: =Y11*Z11 -> 0.81577246
A12: A1 | B12: Освежитель воздуха AROMA VOYAGE Hello Aroma тропический смузи | C12: ER-00011755 | D12: =VLOOKUP(C12,Setup!A:F,3,) -> Air freshener AROMA VOYAGE Hello Aroma Verti , Tropical smoothie, 250 ml | E12: =VLOOKUP(C12,Setup!A:F,4,) -> VERTI | F12: =VLOOKUP(C12,Setup!A:F,5,) -> AIR FRESHENERS | G12: =VLOOKUP(C12,Setup!A:F,6,) -> Air fresheners refill | H12: OA436 | I12: 8500 | J12: =8514+6 -> 8520 | K12: 84 | L12: 60 | M12: 0 | P12: =62-10+219 -> 271 | R12: =7 -> 7 | U12: =6 -> 6 | V12: =Q12/(Q12+J12) -> 0 | W12: =R12/(R12+J12) -> 0.00082092178 | X12: =U12/(U12+J12) -> 0.00070372977 | Y12: =(J12/(K12*(P12-M12-N12))) -> 0.37427517 | Z12: =(J12/(J12+R12+S12-T12)) -> 0.99917908 | AA12: =Y12*Z12 -> 0.37396792
A13: A1 | B13: Освежитель воздуха AROMA VOYAGE Hello Aroma алтайская свежесть | C13: ER-00011757 | D13: =VLOOKUP(C13,Setup!A:F,3,) -> Air freshener AROMA VOYAGE Hello Aroma Verti , Altai freshness, 250 ml | E13: =VLOOKUP(C13,Setup!A:F,4,) -> VERTI | F13: =VLOOKUP(C13,Setup!A:F,5,) -> AIR FRESHENERS | G13: =VLOOKUP(C13,Setup!A:F,6,) -> Air fresheners refill | H13: OA437 | I13: 8500 | J13: 8418 | K13: 84 | L13: 15 | M13: 0 | P13: 124 | Q13: =2 -> 2 | R13: =3 -> 3 | U13: =6 -> 6 | V13: =Q13/(Q13+J13) -> 0.00023752969 | W13: =R13/(R13+J13) -> 0.00035625223 | X13: =U13/(U13+J13) -> 0.00071225071 | Y13: =(J13/(K13*(P13-M13-N13))) -> 0.80817972 | Z13: =(J13/(J13+R13+S13-T13)) -> 0.99964375 | AA13: =Y13*Z13 -> 0.80789181
A14: A1 | B14: Освежитель воздуха AROMA VOYAGE Hello Aroma китайская орхидея | C14: ER-00011758 | D14: =VLOOKUP(C14,Setup!A:F,3,) -> Air freshener AROMA VOYAGE Hello Aroma Verti , Chinese orchid, 250 ml | E14: =VLOOKUP(C14,Setup!A:F,4,) -> VERTI | F14: =VLOOKUP(C14,Setup!A:F,5,) -> AIR FRESHENERS | G14: =VLOOKUP(C14,Setup!A:F,6,) -> Air fresheners refill | H14: OA438 | I14: 8500 | J14: 8584 | K14: 84 | L14: 15 | M14: 0 | P14: 125 | Q14: =1 -> 1 | R14: =3 -> 3 | U14: =6 -> 6 | V14: =Q14/(Q14+J14) -> 0.00011648224 | W14: =R14/(R14+J14) -> 0.00034936532 | X14: =U14/(U14+J14) -> 0.00069848661 | Y14: =(J14/(K14*(P14-M14-N14))) -> 0.81752381 | Z14: =(J14/(J14+R14+S14-T14)) -> 0.99965063 | AA14: =Y14*Z14 -> 0.8172382
A15: A1 | B15: Освежитель воздуха AROMA VOYAGE Hello Aroma карельские ягоды | C15: ER-00011756 | D15: =VLOOKUP(C15,Setup!A:F,3,) -> Air freshener AROMA VOYAGE Hello Aroma Verti , Karelian berries, 250 ml | E15: =VLOOKUP(C15,Setup!A:F,4,) -> VERTI | F15: =VLOOKUP(C15,Setup!A:F,5,) -> AIR FRESHENERS | G15: =VLOOKUP(C15,Setup!A:F,6,) -> Air fresheners refill | H15: OA439 | I15: 8500 | J15: 8664 | K15: 84 | L15: 15 | M15: 0 | P15: 124 | Q15: =5 -> 5 | U15: =6 -> 6 | V15: =Q15/(Q15+J15) -> 0.00057676779 | W15: =R15/(R15+J15) -> 0 | X15: =U15/(U15+J15) -> 0.00069204152 | Y15: =(J15/(K15*(P15-M15-N15))) -> 0.83179724 | Z15: =(J15/(J15+R15+S15-T15)) -> 1 | AA15: =Y15*Z15 -> 0.83179724
A16: A1 | B16: Освежитель воздуха Verti Ветивер и бамбук Gold edition | C16: ER-00012767 | D16: =VLOOKUP(C16,Setup!A:F,3,) -> Air freshener VERTI Vetiver and bamboo, 250 ml | E16: =VLOOKUP(C16,Setup!A:F,4,) -> VERTI | F16: =VLOOKUP(C16,Setup!A:F,5,) -> AIR FRESHENERS | G16: =VLOOKUP(C16,Setup!A:F,6,) -> Air fresheners refill | H16: OA432 | I16: 10000 | J16: =7680+1752+510 -> 9942 | K16: 84 | L16: 15 | M16: 0 | P16: =143-10+10 -> 143 | R16: =4 -> 4 | U16: =6 -> 6 | V16: =Q16/(Q16+J16) -> 0 | W16: =R16/(R16+J16) -> 0.00040217173 | X16: =U16/(U16+J16) -> 0.00060313631 | Y16: =(J16/(K16*(P16-M16-N16))) -> 0.82767233 | Z16: =(J16/(J16+R16+S16-T16)) -> 0.99959783 | AA16: =Y16*Z16 -> 0.82733946
A17: A1 | B17: Освежитель воздуха Verti Морская соль и белое дерево Gold edition | C17: ER-00012769 | D17: =VLOOKUP(C17,Setup!A:F,3,) -> Air freshener VERTI Sea salt and white tree, 250 ml | E17: =VLOOKUP(C17,Setup!A:F,4,) -> VERTI | F17: =VLOOKUP(C17,Setup!A:F,5,) -> AIR FRESHENERS | G17: =VLOOKUP(C17,Setup!A:F,6,) -> Air fresheners refill | H17: OA433 | I17: 10000 | J17: 10044 | K17: 84 | L17: 15 | M17: 0 | P17: 139 | Q17: =2 -> 2 | U17: =6 -> 6 | V17: =Q17/(Q17+J17) -> 0.00019908421 | W17: =R17/(R17+J17) -> 0 | X17: =U17/(U17+J17) -> 0.00059701493 | Y17: =(J17/(K17*(P17-M17-N17))) -> 0.8602261 | Z17: =(J17/(J17+R17+S17-T17)) -> 1 | AA17: =Y17*Z17 -> 0.8602261
A18: A1 | B18: Освежитель воздуха Verti Черный перец и апельсиновый цвет Gold edition | C18: ER-00012770 | D18: =VLOOKUP(C18,Setup!A:F,3,) -> Air freshener VERTI Black pepper and orange blossom, 250 ml | E18: =VLOOKUP(C18,Setup!A:F,4,) -> VERTI | F18: =VLOOKUP(C18,Setup!A:F,5,) -> AIR FRESHENERS | G18: =VLOOKUP(C18,Setup!A:F,6,) -> Air fresheners refill | H18: OA434 | I18: 10000 | J18: 10176 | K18: 84 | L18: 15 | M18: 0 | P18: 154 | R18: =1 -> 1 | U18: =6 -> 6 | V18: =Q18/(Q18+J18) -> 0 | W18: =R18/(R18+J18) -> 9.8260784e-05 | X18: =U18/(U18+J18) -> 0.00058927519 | Y18: =(J18/(K18*(P18-M18-N18))) -> 0.78664193 | Z18: =(J18/(J18+R18+S18-T18)) -> 0.99990174 | AA18: =Y18*Z18 -> 0.78656463
A19: A1 | B19: Освежитель воздуха Verti Магнолия и иланг-иланг Gold edition | C19: ER-00012768 | D19: =VLOOKUP(C19,Setup!A:F,3,) -> Air freshener VERTI Magnolia, 250 ml | E19: =VLOOKUP(C19,Setup!A:F,4,) -> VERTI | F19: =VLOOKUP(C19,Setup!A:F,5,) -> AIR FRESHENERS | G19: =VLOOKUP(C19,Setup!A:F,6,) -> Air fresheners refill | H19: OA435 | I19: 10000 | J19: 10092 | K19: 84 | L19: 15 | M19: 0 | P19: 139 | R19: =3 -> 3 | U19: =6 -> 6 | V19: =Q19/(Q19+J19) -> 0 | W19: =R19/(R19+J19) -> 0.00029717682 | X19: =U19/(U19+J19) -> 0.00059417706 | Y19: =(J19/(K19*(P19-M19-N19))) -> 0.8643371 | Z19: =(J19/(J19+R19+S19-T19)) -> 0.99970282 | AA19: =Y19*Z19 -> 0.86408024
A20: A1 | B20: Освежитель воздуха Нужные вещи Ванильный уют НД | C20: ER-00011580 | D20: =VLOOKUP(C20,Setup!A:F,3,) -> Air freshener NUZHNIE VESHI Vanilla comfort, 300 ml, N | E20: =VLOOKUP(C20,Setup!A:F,4,) -> NUZHNYE VESHI | F20: =VLOOKUP(C20,Setup!A:F,5,) -> AIR FRESHENERS | G20: =VLOOKUP(C20,Setup!A:F,6,) -> Air fresheners waterbase | H20: OA292 | I20: 8954 | J20: 9104 | K20: 120 | L20: 120 | M20: 15 | P20: =240 -> 240 | Q20: =1 -> 1 | R20: =4 -> 4 | U20: =6 -> 6 | V20: =Q20/(Q20+J20) -> 0.00010982976 | W20: =R20/(R20+J20) -> 0.00043917435 | X20: =U20/(U20+J20) -> 0.0006586169 | Y20: =(J20/(K20*(P20-M20-N20))) -> 0.33718519 | Z20: =(J20/(J20+R20+S20-T20)) -> 0.99956083 | AA20: =Y20*Z20 -> 0.3370371
A21: A1 | B21: Освежитель воздуха Нужные вещи Киви-виноград. Антитабак НД | C21: ER-00011581 | D21: =VLOOKUP(C21,Setup!A:F,3,) -> Air freshener NUZHNIE VESHI Kiwi grapes. antitobacco, 300 ml, N | E21: =VLOOKUP(C21,Setup!A:F,4,) -> NUZHNYE VESHI | F21: =VLOOKUP(C21,Setup!A:F,5,) -> AIR FRESHENERS | G21: =VLOOKUP(C21,Setup!A:F,6,) -> Air fresheners waterbase | H21: OA297 | I21: 12866 | J21: =1944+216+10896 -> 13056 | K21: 120 | L21: 15 | M21: 0 | P21: =53-10+98 -> 141 | R21: =1 -> 1 | U21: =6 -> 6 | V21: =Q21/(Q21+J21) -> 0 | W21: =R21/(R21+J21) -> 7.6587271e-05 | X21: =U21/(U21+J21) -> 0.00045934773 | Y21: =(J21/(K21*(P21-M21-N21))) -> 0.77163121 | Z21: =(J21/(J21+R21+S21-T21)) -> 0.99992341 | AA21: =Y21*Z21 -> 0.77157211
A22: A1 | B22: Освежитель воздуха Нужные вещи Лайм и корица НД | C22: ER-00011583 | D22: =VLOOKUP(C22,Setup!A:F,3,) -> Air freshener NUZHNIE VISHI Lime and cinnanmon, 300 ml, N | E22: =VLOOKUP(C22,Setup!A:F,4,) -> NUZHNYE VESHI | F22: =VLOOKUP(C22,Setup!A:F,5,) -> AIR FRESHENERS | G22: =VLOOKUP(C22,Setup!A:F,6,) -> Air fresheners waterbase | H22: OA397 | I22: 9756 | J22: =2360+7580 -> 9940 | K22: 120 | L22: 15 | M22: 0 | P22: 100 | Q22: 3 | R22: 2 | U22: 6 | V22: =Q22/(Q22+J22) -> 0.0003017198 | W22: =R22/(R22+J22) -> 0.00020116677 | X22: =U22/(U22+J22) -> 0.00060325759 | Y22: =(J22/(K22*(P22-M22-N22))) -> 0.82833333 | Z22: =(J22/(J22+R22+S22-T22)) -> 0.99979883 | AA22: =Y22*Z22 -> 0.8281667
A23: A1 | B23: Освежитель воздуха Нужные вещи Королева цветов НД | C23: ER-00011582 | D23: =VLOOKUP(C23,Setup!A:F,3,) -> Air freshener NUZHNIE VESHI Queen of flowers, 300 ml, N | E23: =VLOOKUP(C23,Setup!A:F,4,) -> NUZHNYE VESHI | F23: =VLOOKUP(C23,Setup!A:F,5,) -> AIR FRESHENERS | G23: =VLOOKUP(C23,Setup!A:F,6,) -> Air fresheners waterbase | H23: OA399 | I23: 9832 | J23: =5288+4752+6 -> 10046 | K23: 120 | L23: 30 | M23: 0 | P23: 94 | Q23: 4 | R23: 3 | U23: 6 | V23: =Q23/(Q23+J23) -> 0.00039800995 | W23: =R23/(R23+J23) -> 0.00029853717 | X23: =U23/(U23+J23) -> 0.00059689614 | Y23: =(J23/(K23*(P23-M23-N23))) -> 0.89060284 | Z23: =(J23/(J23+R23+S23-T23)) -> 0.99970146 | AA23: =Y23*Z23 -> 0.89033696
A24: A1 | B24: Освежитель воздуха Нужные вещи Летний дождь НД | C24: ER-00011584 | D24: =VLOOKUP(C24,Setup!A:F,3,) -> Air freshener NUZHNIE VESHI Summer rain, 300 ml, N | E24: =VLOOKUP(C24,Setup!A:F,4,) -> NUZHNYE VESHI | F24: =VLOOKUP(C24,Setup!A:F,5,) -> AIR FRESHENERS | G24: =VLOOKUP(C24,Setup!A:F,6,) -> Air fresheners waterbase | H24: OA398 | I24: 10139 | J24: 10154 | K24: 60 | L24: 15 | M24: 0 | P24: 150 | Q24: 9 | R24: 1 | U24: 6 | V24: =Q24/(Q24+J24) -> 0.00088556529 | W24: =R24/(R24+J24) -> 9.8473658e-05 | X24: =U24/(U24+J24) -> 0.00059055118 | Y24: =(J24/(K24*(P24-M24-N24))) -> 1.1282222 | Z24: =(J24/(J24+R24+S24-T24)) -> 0.99990153 | AA24: =Y24*Z24 -> 1.1281111 | AB24: mix
A25: A1 | B25: Освежитель воздуха Нужные вещи Нежная фрезия НД | C25: ER-00011579 | D25: =VLOOKUP(C25,Setup!A:F,3,) -> Air freshener NUZHNIE VESHI Gentle freesia, 300 ml, N | E25: =VLOOKUP(C25,Setup!A:F,4,) -> NUZHNYE VESHI | F25: =VLOOKUP(C25,Setup!A:F,5,) -> AIR FRESHENERS | G25: =VLOOKUP(C25,Setup!A:F,6,) -> Air fresheners waterbase | H25: OA293 | I25: 13229 | J25: 13532 | K25: 60 | L25: 15 | M25: 0 | P25: 242 | Q25: 6 | R25: 1 | U25: 6 | V25: =Q25/(Q25+J25) -> 0.00044319693 | W25: =R25/(R25+J25) -> 7.3893446e-05 | X25: =U25/(U25+J25) -> 0.00044319693 | Y25: =(J25/(K25*(P25-M25-N25))) -> 0.93195592 | Z25: =(J25/(J25+R25+S25-T25)) -> 0.99992611 | AA25: =Y25*Z25 -> 0.93188706 | AB25: mix
A26: A1 | B26: Освежитель воздуха AIR WICK Испанские каникулы (Грейпфрут и цветущий лайм) | C26: ER-00012435 | D26: =VLOOKUP(C26,Setup!A:F,3,) -> Air freshener AIR WICK Spanish holidays Grapefruit and Blooming lime, 290 ml, new | E26: =VLOOKUP(C26,Setup!A:F,4,) -> AIR WICK | F26: =VLOOKUP(C26,Setup!A:F,5,) -> AIR FRESHENERS | G26: =VLOOKUP(C26,Setup!A:F,6,) -> Air fresheners waterbase RB | H26: OA409 | I26: 13608 | J26: 13608 | K26: 120 | L26: 30 | M26: 0 | P26: =51-10+200 -> 241 | Q26: 8 | R26: =5+4 -> 9 | U26: 8 | V26: =Q26/(Q26+J26) -> 0.00058754407 | W26: =R26/(R26+J26) -> 0.00066093853 | X26: =U26/(U26+J26) -> 0.00058754407 | Y26: =(J26/(K26*(P26-M26-N26))) -> 0.47053942 | Z26: =(J26/(J26+R26+S26-T26)) -> 0.99933906 | AA26: =Y26*Z26 -> 0.47022842
A27: A1 | B27: Освежитель воздуха AIR WICK Испанские каникулы (Грейпфрут и цветущий лайм) | C27: ER-00012435 | D27: =VLOOKUP(C27,Setup!A:F,3,) -> Air freshener AIR WICK Spanish holidays Grapefruit and Blooming lime, 290 ml, new | E27: =VLOOKUP(C27,Setup!A:F,4,) -> AIR WICK | F27: =VLOOKUP(C27,Setup!A:F,5,) -> AIR FRESHENERS | G27: =VLOOKUP(C27,Setup!A:F,6,) -> Air fresheners waterbase RB | H27: OA410 | I27: 18480 | J27: 18672 | K27: 120 | L27: 0 | M27: 0 | P27: 200 | Q27: 12 | R27: 15 | U27: 8 | V27: =Q27/(Q27+J27) -> 0.00064226076 | W27: =R27/(R27+J27) -> 0.00080269706 | X27: =U27/(U27+J27) -> 0.00042826552 | Y27: =(J27/(K27*(P27-M27-N27))) -> 0.778 | Z27: =(J27/(J27+R27+S27-T27)) -> 0.9991973 | AA27: =Y27*Z27 -> 0.7773755
A28: A1 | B28: Освежитель воздуха AIR WICK Мальдивские мечты (Тропические цветы и пачули) | C28: ER-00012888 | D28: =VLOOKUP(C28,Setup!A:F,3,) -> Air freshener AIR WICK Maldivian Dreams Tropical flowers and Patchouli, 290 ml, new | E28: =VLOOKUP(C28,Setup!A:F,4,) -> AIR WICK | F28: =VLOOKUP(C28,Setup!A:F,5,) -> AIR FRESHENERS | G28: =VLOOKUP(C28,Setup!A:F,6,) -> Air fresheners waterbase RB | H28: OA409 | I28: 27216 | J28: =27216+100 -> 27316 | K28: 90 | L28: 30 | M28: 15 | P28: 306 | Q28: 12 | R28: 6 | U28: 8 | V28: =Q28/(Q28+J28) -> 0.00043911007 | W28: =R28/(R28+J28) -> 0.00021960325 | X28: =U28/(U28+J28) -> 0.0002927829 | Y28: =(J28/(K28*(P28-M28-N28))) -> 1.0429935 | Z28: =(J28/(J28+R28+S28-T28)) -> 0.9997804 | AA28: =Y28*Z28 -> 1.0427645
A29: A1 | B29: Освежитель воздуха AIR WICK Мальдивские мечты (Тропические цветы и пачули) SRP | C29: ER-00013064 | D29: =VLOOKUP(C29,Setup!A:F,3,) -> Air freshener AIR WICK Maldivian Dreams Tropical flowers and Patchouli, 290 ml, new | E29: =VLOOKUP(C29,Setup!A:F,4,) -> AIR WICK | F29: =VLOOKUP(C29,Setup!A:F,5,) -> AIR FRESHENERS | G29: =VLOOKUP(C29,Setup!A:F,6,) -> Air fresheners waterbase RB | H29: OA226 | I29: 23100 | J29: 23508 | K29: 120 | L29: 0 | M29: 0 | P29: =29-10+234 -> 253 | Q29: 2 | R29: 2 | U29: 8 | V29: =Q29/(Q29+J29) -> 8.5070183e-05 | W29: =R29/(R29+J29) -> 8.5070183e-05 | X29: =U29/(U29+J29) -> 0.00034019391 | Y29: =(J29/(K29*(P29-M29-N29))) -> 0.7743083 | Z29: =(J29/(J29+R29+S29-T29)) -> 0.99991493 | AA29: =Y29*Z29 -> 0.77424243
A30: A1 | B30: Освежитель воздуха AIR WICK Французская ривьера (Морская волна и легкий бриз) | C30: ER-00012432 | D30: =VLOOKUP(C30,Setup!A:F,3,) -> Air freshener AIR WICK French Riviera Sea wave and Light breeze, 290 ml, new | E30: =VLOOKUP(C30,Setup!A:F,4,) -> AIR WICK | F30: =VLOOKUP(C30,Setup!A:F,5,) -> AIR FRESHENERS | G30: =VLOOKUP(C30,Setup!A:F,6,) -> Air fresheners waterbase RB | H30: OA355 | I30: 25717 | J30: 25668 | K30: 120 | L30: 15 | M30: 0 | P30: 261 | Q30: 22 | R30: =16+5 -> 21 | U30: 8 | V30: =Q30/(Q30+J30) -> 0.00085636434 | W30: =R30/(R30+J30) -> 0.00081747051 | X30: =U30/(U30+J30) -> 0.00031157501 | Y30: =(J30/(K30*(P30-M30-N30))) -> 0.81954023 | Z30: =(J30/(J30+R30+S30-T30)) -> 0.99918253 | AA30: =Y30*Z30 -> 0.81887028
A31: A1 | B31: Освежитель воздуха AIR WICK Швейцарские альпы (Утренняя роса и зеленый лес) | C31: ER-00012431 | D31: =VLOOKUP(C31,Setup!A:F,3,) -> Air freshener AIR WICK Swiss Alps Morning Dew and Green Forest, 290 ml, new | E31: =VLOOKUP(C31,Setup!A:F,4,) -> AIR WICK | F31: =VLOOKUP(C31,Setup!A:F,5,) -> AIR FRESHENERS | G31: =VLOOKUP(C31,Setup!A:F,6,) -> Air fresheners waterbase RB | H31: OA411 | I31: 13229 | J31: 11412 | K31: 120 | L31: 15 | M31: 15 | P31: 138 | Q31: 1 | R31: 6 | U31: 8 | V31: =Q31/(Q31+J31) -> 8.7619381e-05 | W31: =R31/(R31+J31) -> 0.00052548607 | X31: =U31/(U31+J31) -> 0.00070052539 | Y31: =(J31/(K31*(P31-M31-N31))) -> 0.77317073 | Z31: =(J31/(J31+R31+S31-T31)) -> 0.99947451 | AA31: =Y31*Z31 -> 0.77276444
A32: A1 | B32: Освежитель воздуха AIR WICK Байкальская свежесть (Свежий воздух и Нежный ландыш) | C32: ER-00012440 | D32: =VLOOKUP(C32,Setup!A:F,3,) -> Air freshener AIR WICK Baikal freshness Fresh air and Delicate lily of the valley, 290 ml, new | E32: =VLOOKUP(C32,Setup!A:F,4,) -> AIR WICK | F32: =VLOOKUP(C32,Setup!A:F,5,) -> AIR FRESHENERS | G32: =VLOOKUP(C32,Setup!A:F,6,) -> Air fresheners waterbase RB | H32: OA414 | I32: 6930 | J32: 6900 | K32: 120 | L32: 15 | M32: 0 | P32: 75 | Q32: =2+5 -> 7 | R32: 9 | U32: 8 | V32: =Q32/(Q32+J32) -> 0.0010134646 | W32: =R32/(R32+J32) -> 0.0013026487 | X32: =U32/(U32+J32) -> 0.0011580776 | Y32: =(J32/(K32*(P32-M32-N32))) -> 0.76666667 | Z32: =(J32/(J32+R32+S32-T32)) -> 0.99869735 | AA32: =Y32*Z32 -> 0.76566797
A33: A1 | B33: Освежитель воздуха AIR WICK Гавайский Ритм (Киви и Яблоко) | C33: ER-00012436 | D33: =VLOOKUP(C33,Setup!A:F,3,) -> Air freshener AIR WICK Hawaiian Rhythm Kiwi and apple, 290 ml, new | E33: =VLOOKUP(C33,Setup!A:F,4,) -> AIR WICK | F33: =VLOOKUP(C33,Setup!A:F,5,) -> AIR FRESHENERS | G33: =VLOOKUP(C33,Setup!A:F,6,) -> Air fresheners waterbase RB | H33: OA418 | I33: 11550 | J33: 10188 | K33: 120 | L33: 15 | M33: 0 | P33: =17+10-10+110 -> 127 | Q33: 22 | R33: 7 | U33: 8 | V33: =Q33/(Q33+J33) -> 0.0021547502 | W33: =R33/(R33+J33) -> 0.00068661108 | X33: =U33/(U33+J33) -> 0.00078462142 | Y33: =(J33/(K33*(P33-M33-N33))) -> 0.66850394 | Z33: =(J33/(J33+R33+S33-T33)) -> 0.99931339 | AA33: =Y33*Z33 -> 0.66804493
A34: A1 | B34: Освежитель воздуха AIR WICK Алтайские луга (Ромашка и сочная зелень) | C34: ER-00012437 | D34: =VLOOKUP(C34,Setup!A:F,3,) -> Air freshener AIR WICK Altai meadows Chamomile and lush greenery, 290 ml, new | E34: =VLOOKUP(C34,Setup!A:F,4,) -> AIR WICK | F34: =VLOOKUP(C34,Setup!A:F,5,) -> AIR FRESHENERS | G34: =VLOOKUP(C34,Setup!A:F,6,) -> Air fresheners waterbase RB | H34: OA424 | I34: 14446 | J34: 14652 | K34: 120 | L34: 15 | M34: 15 | P34: 195 | Q34: 2 | R34: 2 | U34: 8 | V34: =Q34/(Q34+J34) -> 0.00013648151 | W34: =R34/(R34+J34) -> 0.00013648151 | X34: =U34/(U34+J34) -> 0.00054570259 | Y34: =(J34/(K34*(P34-M34-N34))) -> 0.67833333 | Z34: =(J34/(J34+R34+S34-T34)) -> 0.99986352 | AA34: =Y34*Z34 -> 0.67824075
A35: A1 | B35: Освежитель воздуха AIR WICK Испанские каникулы (Грейпфрут и цветущий лайм) | C35: ER-00012435 | D35: =VLOOKUP(C35,Setup!A:F,3,) -> Air freshener AIR WICK Spanish holidays Grapefruit and Blooming lime, 290 ml, new | E35: =VLOOKUP(C35,Setup!A:F,4,) -> AIR WICK | F35: =VLOOKUP(C35,Setup!A:F,5,) -> AIR FRESHENERS | G35: =VLOOKUP(C35,Setup!A:F,6,) -> Air fresheners waterbase RB | H35: OA557 | I35: 4620 | J35: 4608 | K35: 120 | L35: 15 | M35: 0 | P35: 67 | R35: 4 | U35: 8 | V35: =Q35/(Q35+J35) -> 0 | W35: =R35/(R35+J35) -> 0.00086730269 | X35: =U35/(U35+J35) -> 0.0017331023 | Y35: =(J35/(K35*(P35-M35-N35))) -> 0.57313433 | Z35: =(J35/(J35+R35+S35-T35)) -> 0.9991327 | AA35: =Y35*Z35 -> 0.57263725
A36: A1 | B36: Освежитель воздуха Flower shop Золотой лотос и роза 300 мл | C36: ER-00011973 | D36: =VLOOKUP(C36,Setup!A:F,3,) -> Air freshener FLOWER SHOP Golden lotus and rose, 300 ml | E36: =VLOOKUP(C36,Setup!A:F,4,) -> FLOWER SHOP | F36: =VLOOKUP(C36,Setup!A:F,5,) -> AIR FRESHENERS | G36: =VLOOKUP(C36,Setup!A:F,6,) -> Air fresheners waterbase | H36: OA390 | I36: 8643 | J36: 8592 | K36: 120 | L36: 15 | M36: 0 | P36: 129 | Q36: 12 | U36: 6 | V36: =Q36/(Q36+J36) -> 0.0013947001 | W36: =R36/(R36+J36) -> 0 | X36: =U36/(U36+J36) -> 0.00069783671 | Y36: =(J36/(K36*(P36-M36-N36))) -> 0.55503876 | Z36: =(J36/(J36+R36+S36-T36)) -> 1 | AA36: =Y36*Z36 -> 0.55503876
A37: A1 | B37: Освежитель воздуха Flower shop Морские минералы 300 мл | C37: ER-00012698 | D37: =VLOOKUP(C37,Setup!A:F,3,) -> Air freshener FLOWER SHOP Morse minerals, 300 ml, N | E37: =VLOOKUP(C37,Setup!A:F,4,) -> FLOWER SHOP | F37: =VLOOKUP(C37,Setup!A:F,5,) -> AIR FRESHENERS | G37: =VLOOKUP(C37,Setup!A:F,6,) -> Air fresheners waterbase | H37: OA542 | I37: 9141 | J37: 9144 | K37: 120 | L37: 15 | M37: 0 | P37: 95 | R37: 2 | U37: 6 | V37: =Q37/(Q37+J37) -> 0 | W37: =R37/(R37+J37) -> 0.00021867483 | X37: =U37/(U37+J37) -> 0.0006557377 | Y37: =(J37/(K37*(P37-M37-N37))) -> 0.80210526 | Z37: =(J37/(J37+R37+S37-T37)) -> 0.99978133 | AA37: =Y37*Z37 -> 0.80192986
A38: A1 | B38: Освежитель воздуха Flower shop Яблоко и жасмин 300 мл | C38: ER-00011980 | D38: =VLOOKUP(C38,Setup!A:F,3,) -> Air freshener FLOWER SHOP apple and jasmine, 300 ml, N | E38: =VLOOKUP(C38,Setup!A:F,4,) -> FLOWER SHOP | F38: =VLOOKUP(C38,Setup!A:F,5,) -> AIR FRESHENERS | G38: =VLOOKUP(C38,Setup!A:F,6,) -> Air fresheners waterbase | H38: OA510 | I38: 9900 | J38: 10128 | K38: 120 | L38: 15 | M38: 0 | P38: 105 | Q38: 1 | U38: 6 | V38: =Q38/(Q38+J38) -> 9.8726429e-05 | W38: =R38/(R38+J38) -> 0 | X38: =U38/(U38+J38) -> 0.00059206631 | Y38: =(J38/(K38*(P38-M38-N38))) -> 0.80380952 | Z38: =(J38/(J38+R38+S38-T38)) -> 1 | AA38: =Y38*Z38 -> 0.80380952
A39: A1 | B39: Освежитель воздуха Flower shop Антитабак 300 мл | C39: ER-00012699 | D39: =VLOOKUP(C39,Setup!A:F,3,) -> Air freshener FLOWER SHOP Antitabacco, 300 ml, N | E39: =VLOOKUP(C39,Setup!A:F,4,) -> FLOWER SHOP | F39: =VLOOKUP(C39,Setup!A:F,5,) -> AIR FRESHENERS | G39: =VLOOKUP(C39,Setup!A:F,6,) -> Air fresheners waterbase | H39: OA543 | I39: 4400 | J39: =600+3900 -> 4500 | K39: 120 | L39: 15 | M39: 0 | P39: =19+35 -> 54 | Q39: 1 | U39: 6 | V39: =Q39/(Q39+J39) -> 0.00022217285 | W39: =R39/(R39+J39) -> 0 | X39: =U39/(U39+J39) -> 0.0013315579 | Y39: =(J39/(K39*(P39-M39-N39))) -> 0.69444444 | Z39: =(J39/(J39+R39+S39-T39)) -> 1 | AA39: =Y39*Z39 -> 0.69444444
A40: A1 | B40: Освежитель воздуха Flower shop Лайм и мята 300 мл | C40: ER-00012701 | D40: =VLOOKUP(C40,Setup!A:F,3,) -> Air freshener FLOWER SHOP Lime and mint, 300 ml, | E40: =VLOOKUP(C40,Setup!A:F,4,) -> FLOWER SHOP | F40: =VLOOKUP(C40,Setup!A:F,5,) -> AIR FRESHENERS | G40: =VLOOKUP(C40,Setup!A:F,6,) -> Air fresheners waterbase | H40: OA544 | I40: 5100 | J40: 5112 | K40: 120 | L40: 15 | M40: 0 | P40: =60-10 -> 50 | U40: 6 | V40: =Q40/(Q40+J40) -> 0 | W40: =R40/(R40+J40) -> 0 | X40: =U40/(U40+J40) -> 0.0011723329 | Y40: =(J40/(K40*(P40-M40-N40))) -> 0.852 | Z40: =(J40/(J40+R40+S40-T40)) -> 1 | AA40: =Y40*Z40 -> 0.852
A41: A1 | B41: Освежитель воздуха AIR WICK Freshmatic Нежный шелк и лилия SRP | C41: ER-00012474 | D41: =VLOOKUP(C41,Setup!A:F,3,) -> Air freshener AIR WICK Freshmatic Delicate silk and lily, 250 ml | E41: =VLOOKUP(C41,Setup!A:F,4,) -> AIR WICK | F41: =VLOOKUP(C41,Setup!A:F,5,) -> AIR FRESHENERS | G41: =VLOOKUP(C41,Setup!A:F,6,) -> Air fresheners refill RB | H41: OA415 | I41: 42912 | J41: =40386+3780 -> 44166 | K41: 84 | L41: 120 | M41: =45 -> 45 | P41: =735-10+70 -> 795 | Q41: 2 | R41: =10+3 -> 13 | U41: 32 | V41: =Q41/(Q41+J41) -> 4.5281652e-05 | W41: =R41/(R41+J41) -> 0.00029425745 | X41: =U41/(U41+J41) -> 0.00072401466 | Y41: =(J41/(K41*(P41-M41-N41))) -> 0.70104762 | Z41: =(J41/(J41+R41+S41-T41)) -> 0.99970574 | AA41: =Y41*Z41 -> 0.70084133
A42: A1 | B42: Освежитель воздуха AIR WICK Freshmatic Спелый манго | C42: ER-00012478 | D42: =VLOOKUP(C42,Setup!A:F,3,) -> Air freshener AIR WICK Freshmatic Tropical fantasies Ripe mango, 250 ml | E42: =VLOOKUP(C42,Setup!A:F,4,) -> AIR WICK | F42: =VLOOKUP(C42,Setup!A:F,5,) -> AIR FRESHENERS | G42: =VLOOKUP(C42,Setup!A:F,6,) -> Air fresheners refill RB | H42: OA233 | I42: 16092 | J42: 16302 | K42: 84 | L42: 15 | M42: 15 | P42: 261 | Q42: =22 -> 22 | R42: 2 | U42: 17 | V42: =Q42/(Q42+J42) -> 0.0013477089 | W42: =R42/(R42+J42) -> 0.00012266928 | X42: =U42/(U42+J42) -> 0.0010417305 | Y42: =(J42/(K42*(P42-M42-N42))) -> 0.78890825 | Z42: =(J42/(J42+R42+S42-T42)) -> 0.99987733 | AA42: =Y42*Z42 -> 0.78881147
A43: A1 | B43: Освежитель воздуха Бреф Делюкс Роскошь 250 мл | C43: ER-00013165 | D43: =VLOOKUP(C43,Setup!A:F,3,) -> Air freshener BREF SPA Luxury Aromas, 250 ml | E43: =VLOOKUP(C43,Setup!A:F,4,) -> BREF | F43: =VLOOKUP(C43,Setup!A:F,5,) -> AIR FRESHENERS | G43: =VLOOKUP(C43,Setup!A:F,6,) -> Air fresheners refill | H43: OA425 | I43: 8046 | J43: 8268 | K43: 84 | L43: 60 | M43: 30 | N43: 19 | O43: sorting of initial defective cans | P43: 176 | Q43: 61 | R43: 5 | U43: 12 | V43: =Q43/(Q43+J43) -> 0.0073238084 | W43: =R43/(R43+J43) -> 0.00060437568 | X43: =U43/(U43+J43) -> 0.0014492754 | Y43: =(J43/(K43*(P43-M43-N43))) -> 0.77502812 | Z43: =(J43/(J43+R43+S43-T43)) -> 0.99939562 | AA43: =Y43*Z43 -> 0.77455971
A44: A1 | B44: Освежитель воздуха Бреф Делюкс Энергия 250 мл | C44: ER-00013167 | D44: =VLOOKUP(C44,Setup!A:F,3,) -> Air freshener BREF Energy, 250 ml | E44: =VLOOKUP(C44,Setup!A:F,4,) -> BREF | F44: =VLOOKUP(C44,Setup!A:F,5,) -> AIR FRESHENERS | G44: =VLOOKUP(C44,Setup!A:F,6,) -> Air fresheners refill | H44: OA426 | I44: 8046 | J44: 8736 | K44: 84 | L44: 15 | M44: =15 -> 15 | P44: 158 | Q44: =10+50 -> 60 | R44: =2+4 -> 6 | U44: 6 | V44: =Q44/(Q44+J44) -> 0.0068212824 | W44: =R44/(R44+J44) -> 0.0006863418 | X44: =U44/(U44+J44) -> 0.0006863418 | Y44: =(J44/(K44*(P44-M44-N44))) -> 0.72727273 | Z44: =(J44/(J44+R44+S44-T44)) -> 0.99931366 | AA44: =Y44*Z44 -> 0.72677357
A45: A1 | B45: Освежитель воздуха Бреф Делюкс Пленительный Жасмин 280 мл | C45: ER-00013157 | D45: =VLOOKUP(C45,Setup!A:F,3,) -> Air freshener BREF De Luxe Captivating Jasmine, 280 ml | E45: =VLOOKUP(C45,Setup!A:F,4,) -> BREF | F45: =VLOOKUP(C45,Setup!A:F,5,) -> AIR FRESHENERS | G45: =VLOOKUP(C45,Setup!A:F,6,) -> Air fresheners dry | H45: OA427 | I45: 36960 | J45: =37674 -> 37674 | K45: 110 | L45: 120 | M45: 0 | N45: 13 | O45: sorting of initial defective cans | P45: =70-10+503 -> 563 | Q45: 167 | R45: 22 | U45: 12 | V45: =Q45/(Q45+J45) -> 0.0044132026 | W45: =R45/(R45+J45) -> 0.0005836163 | X45: =U45/(U45+J45) -> 0.00031842063 | Y45: =(J45/(K45*(P45-M45-N45))) -> 0.62271074 | Z45: =(J45/(J45+R45+S45-T45)) -> 0.99941638 | AA45: =Y45*Z45 -> 0.62234732
A46: A1 | B46: Освежитель воздуха Бреф Делюкс Волшебная орхидея 280 мл | C46: ER-00013156 | D46: =VLOOKUP(C46,Setup!A:F,3,) -> Air freshener BREF De Luxe Magic Orchid, 280 ml | E46: =VLOOKUP(C46,Setup!A:F,4,) -> BREF | F46: =VLOOKUP(C46,Setup!A:F,5,) -> AIR FRESHENERS | G46: =VLOOKUP(C46,Setup!A:F,6,) -> Air fresheners dry | H46: OA428 | I46: 12920 | J46: 12498 | K46: 110 | L46: 15 | M46: 0 | N46: 12 | O46: sorting of initial defective cans | P46: 158 | Q46: 173 | R46: 14 | U46: 6 | V46: =Q46/(Q46+J46) -> 0.013653224 | W46: =R46/(R46+J46) -> 0.0011189258 | X46: =U46/(U46+J46) -> 0.00047984645 | Y46: =(J46/(K46*(P46-M46-N46))) -> 0.77820672 | Z46: =(J46/(J46+R46+S46-T46)) -> 0.99888107 | AA46: =Y46*Z46 -> 0.77733597
A47: A1 | B47: Освежитель воздуха AIR WICK Испанские каникулы (Грейпфрут и цветущий лайм) | C47: ER-00012435 | D47: =VLOOKUP(C47,Setup!A:F,3,) -> Air freshener AIR WICK Spanish holidays Grapefruit and Blooming lime, 290 ml, new | E47: =VLOOKUP(C47,Setup!A:F,4,) -> AIR WICK | F47: =VLOOKUP(C47,Setup!A:F,5,) -> AIR FRESHENERS | G47: =VLOOKUP(C47,Setup!A:F,6,) -> Air fresheners waterbase RB | H47: OA417 | I47: 24624 | J47: =1944+456+22224 -> 24624 | K47: 120 | L47: 30 | M47: 0 | P47: =74-10+225 -> 289 | Q47: 10 | R47: 6 | U47: 8 | V47: =Q47/(Q47+J47) -> 0.00040594301 | W47: =R47/(R47+J47) -> 0.00024360536 | X47: =U47/(U47+J47) -> 0.00032478077 | Y47: =(J47/(K47*(P47-M47-N47))) -> 0.7100346 | Z47: =(J47/(J47+R47+S47-T47)) -> 0.99975639 | AA47: =Y47*Z47 -> 0.70986163
A48: A1 | B48: Освежитель воздуха AIR WICK Испанские каникулы (Грейпфрут и цветущий лайм) | C48: ER-00012435 | D48: =VLOOKUP(C48,Setup!A:F,3,) -> Air freshener AIR WICK Spanish holidays Grapefruit and Blooming lime, 290 ml, new | E48: =VLOOKUP(C48,Setup!A:F,4,) -> AIR WICK | F48: =VLOOKUP(C48,Setup!A:F,5,) -> AIR FRESHENERS | G48: =VLOOKUP(C48,Setup!A:F,6,) -> Air fresheners waterbase RB | H48: OA488 | I48: 16170 | J48: 16776 | K48: 120 | L48: 0 | M48: 0 | P48: 179 | Q48: 17 | R48: 12 | U48: 8 | V48: =Q48/(Q48+J48) -> 0.0010123266 | W48: =R48/(R48+J48) -> 0.00071479628 | X48: =U48/(U48+J48) -> 0.00047664442 | Y48: =(J48/(K48*(P48-M48-N48))) -> 0.78100559 | Z48: =(J48/(J48+R48+S48-T48)) -> 0.9992852 | AA48: =Y48*Z48 -> 0.78044733
A49: A1 | B49: Освежитель воздуха AIR WICK Мальдивские мечты (Тропические цветы и пачули) | C49: ER-00012888 | D49: =VLOOKUP(C49,Setup!A:F,3,) -> Air freshener AIR WICK Maldivian Dreams Tropical flowers and Patchouli, 290 ml, new | E49: =VLOOKUP(C49,Setup!A:F,4,) -> AIR WICK | F49: =VLOOKUP(C49,Setup!A:F,5,) -> AIR FRESHENERS | G49: =VLOOKUP(C49,Setup!A:F,6,) -> Air fresheners waterbase RB | H49: OA417 | I49: 49248 | J49: 49248 | K49: 90 | L49: 30 | M49: 15 | P49: 666 | Q49: 11 | R49: 6 | U49: 8 | V49: =Q49/(Q49+J49) -> 0.00022330945 | W49: =R49/(R49+J49) -> 0.00012181752 | X49: =U49/(U49+J49) -> 0.00016241676 | Y49: =(J49/(K49*(P49-M49-N49))) -> 0.840553 | Z49: =(J49/(J49+R49+S49-T49)) -> 0.99987818 | AA49: =Y49*Z49 -> 0.8404506
A50: A1 | B50: Освежитель воздуха AIR WICK Мальдивские мечты (Тропические цветы и пачули) SRP | C50: ER-00013064 | D50: =VLOOKUP(C50,Setup!A:F,3,) -> Air freshener AIR WICK Maldivian Dreams Tropical flowers and Patchouli, 290 ml, new | E50: =VLOOKUP(C50,Setup!A:F,4,) -> AIR WICK | F50: =VLOOKUP(C50,Setup!A:F,5,) -> AIR FRESHENERS | G50: =VLOOKUP(C50,Setup!A:F,6,) -> Air fresheners waterbase RB | H50: OA489 | I50: 48510 | J50: 49932 | K50: 120 | L50: 30 | M50: 15 | P50: 531 | Q50: 10 | R50: 2 | U50: 8 | V50: =Q50/(Q50+J50) -> 0.00020023227 | W50: =R50/(R50+J50) -> 4.005287e-05 | X50: =U50/(U50+J50) -> 0.00016019223 | Y50: =(J50/(K50*(P50-M50-N50))) -> 0.80639535 | Z50: =(J50/(J50+R50+S50-T50)) -> 0.99995995 | AA50: =Y50*Z50 -> 0.80636305
A51: A1 | B51: Освежитель воздуха AIR WICK Японская весна (Цветущая сакура и бергамот) | C51: ER-00012430 | D51: =VLOOKUP(C51,Setup!A:F,3,) -> Air freshener AIR WICK Japanese Spring Cherry blossoms and Bergamot, 290 ml, new | E51: =VLOOKUP(C51,Setup!A:F,4,) -> AIR WICK | F51: =VLOOKUP(C51,Setup!A:F,5,) -> AIR FRESHENERS | G51: =VLOOKUP(C51,Setup!A:F,6,) -> Air fresheners waterbase RB | H51: OA490 | I51: 11550 | J51: 11508 | K51: 120 | L51: 15 | M51: 0 | P51: 118 | Q51: 20 | R51: 4 | U51: 8 | V51: =Q51/(Q51+J51) -> 0.0017349063 | W51: =R51/(R51+J51) -> 0.00034746352 | X51: =U51/(U51+J51) -> 0.00069468565 | Y51: =(J51/(K51*(P51-M51-N51))) -> 0.81271186 | Z51: =(J51/(J51+R51+S51-T51)) -> 0.99965254 | AA51: =Y51*Z51 -> 0.81242948
A52: A1 | B52: Освежитель воздуха AIR WICK Марокканское утро (Листочки мяты и Зелёный чай) | C52: ER-00011334 | D52: =VLOOKUP(C52,Setup!A:F,3,) -> Air freshener AIR WICK Moroccan morning Mint leaves and Green tea, 290 ml, new | E52: =VLOOKUP(C52,Setup!A:F,4,) -> AIR WICK | F52: =VLOOKUP(C52,Setup!A:F,5,) -> AIR FRESHENERS | G52: =VLOOKUP(C52,Setup!A:F,6,) -> Air fresheners waterbase RB | H52: OA581 | I52: 11550 | J52: 11544 | K52: 120 | L52: 15 | M52: 0 | P52: 132 | Q52: =4 -> 4 | R52: =6 -> 6 | U52: 8 | V52: =Q52/(Q52+J52) -> 0.00034638033 | W52: =R52/(R52+J52) -> 0.00051948052 | X52: =U52/(U52+J52) -> 0.00069252078 | Y52: =(J52/(K52*(P52-M52-N52))) -> 0.72878788 | Z52: =(J52/(J52+R52+S52-T52)) -> 0.99948052 | AA52: =Y52*Z52 -> 0.72840929
A53: A1 | B53: Освежитель воздуха AIR WICK Байкальская свежесть (Свежий воздух и Нежный ландыш) | C53: ER-00012440 | D53: =VLOOKUP(C53,Setup!A:F,3,) -> Air freshener AIR WICK Baikal freshness Fresh air and Delicate lily of the valley, 290 ml, new | E53: =VLOOKUP(C53,Setup!A:F,4,) -> AIR WICK | F53: =VLOOKUP(C53,Setup!A:F,5,) -> AIR FRESHENERS | G53: =VLOOKUP(C53,Setup!A:F,6,) -> Air fresheners waterbase RB | H53: OA582 | I53: 5608 | J53: 5580 | K53: 120 | L53: 15 | M53: 0 | P53: 64 | Q53: 17 | R53: 2 | U53: =8+6 -> 14 | V53: =Q53/(Q53+J53) -> 0.0030373414 | W53: =R53/(R53+J53) -> 0.00035829452 | X53: =U53/(U53+J53) -> 0.0025026814 | Y53: =(J53/(K53*(P53-M53-N53))) -> 0.7265625 | Z53: =(J53/(J53+R53+S53-T53)) -> 0.99964171 | AA53: =Y53*Z53 -> 0.72630218
A54: A1 | B54: Освежитель воздуха AIR WICK Freshmatic Нежный шелк и лилия SRP | C54: ER-00012474 | D54: =VLOOKUP(C54,Setup!A:F,3,) -> Air freshener AIR WICK Freshmatic Delicate silk and lily, 250 ml | E54: =VLOOKUP(C54,Setup!A:F,4,) -> AIR WICK | F54: =VLOOKUP(C54,Setup!A:F,5,) -> AIR FRESHENERS | G54: =VLOOKUP(C54,Setup!A:F,6,) -> Air fresheners refill RB | H54: OA493 | I54: 101916 | J54: 104646 | K54: 84 | L54: 120 | M54: 60 | P54: 1770 | Q54: 7 | R54: 26 | U54: 59 | V54: =Q54/(Q54+J54) -> 6.6887715e-05 | W54: =R54/(R54+J54) -> 0.00024839499 | X54: =U54/(U54+J54) -> 0.00056348789 | Y54: =(J54/(K54*(P54-M54-N54))) -> 0.72852966 | Z54: =(J54/(J54+R54+S54-T54)) -> 0.99975161 | AA54: =Y54*Z54 -> 0.72834869
A55: A1 | B55: Освежитель воздуха AIR WICK Freshmatic Райский десерт | C55: ER-00012477 | D55: =VLOOKUP(C55,Setup!A:F,3,) -> Air freshener AIR WICK Freshmatic Life Scents series Paradise dessert, 250 ml | E55: =VLOOKUP(C55,Setup!A:F,4,) -> AIR WICK | F55: =VLOOKUP(C55,Setup!A:F,5,) -> AIR FRESHENERS | G55: =VLOOKUP(C55,Setup!A:F,6,) -> Air fresheners refill RB | H55: OA416 | I55: 12204 | J55: 13098 | K55: 84 | L55: 15 | M55: 15 | P55: 210 | Q55: 0 | R55: 0 | U55: 17 | V55: =Q55/(Q55+J55) -> 0 | W55: =R55/(R55+J55) -> 0 | X55: =U55/(U55+J55) -> 0.0012962257 | Y55: =(J55/(K55*(P55-M55-N55))) -> 0.7996337 | Z55: =(J55/(J55+R55+S55-T55)) -> 1 | AA55: =Y55*Z55 -> 0.7996337
A56: A1 | B56: Освежитель воздуха AIR WICK Freshmatic Спелый манго | C56: ER-00012478 | D56: =VLOOKUP(C56,Setup!A:F,3,) -> Air freshener AIR WICK Freshmatic Tropical fantasies Ripe mango, 250 ml | E56: =VLOOKUP(C56,Setup!A:F,4,) -> AIR WICK | F56: =VLOOKUP(C56,Setup!A:F,5,) -> AIR FRESHENERS | G56: =VLOOKUP(C56,Setup!A:F,6,) -> Air fresheners refill RB | H56: OA494 | I56: 18774 | J56: 19668 | K56: 84 | L56: 15 | M56: 45 | P56: 349 | Q56: 2 | R56: 1 | U56: 20 | V56: =Q56/(Q56+J56) -> 0.00010167768 | W56: =R56/(R56+J56) -> 5.0841426e-05 | X56: =U56/(U56+J56) -> 0.0010158472 | Y56: =(J56/(K56*(P56-M56-N56))) -> 0.77020677 | Z56: =(J56/(J56+R56+S56-T56)) -> 0.99994916 | AA56: =Y56*Z56 -> 0.77016761
A57: A1 | B57: Освежитель воздуха Нужные вещи Киви-виноград. Антитабак НД | C57: ER-00011581 | D57: =VLOOKUP(C57,Setup!A:F,3,) -> Air freshener NUZHNIE VESHI Kiwi grapes. antitobacco, 300 ml, N | E57: =VLOOKUP(C57,Setup!A:F,4,) -> NUZHNYE VESHI | F57: =VLOOKUP(C57,Setup!A:F,5,) -> AIR FRESHENERS | G57: =VLOOKUP(C57,Setup!A:F,6,) -> Air fresheners waterbase | H57: OA541 | I57: 20636 | J57: 20724 | K57: 120 | L57: 120 | M57: 0 | P57: 335 | Q57: =21 -> 21 | R57: =4 -> 4 | U57: =6 -> 6 | V57: =Q57/(Q57+J57) -> 0.0010122921 | W57: =R57/(R57+J57) -> 0.00019297569 | X57: =U57/(U57+J57) -> 0.0002894356 | Y57: =(J57/(K57*(P57-M57-N57))) -> 0.51552239 | Z57: =(J57/(J57+R57+S57-T57)) -> 0.99980702 | AA57: =Y57*Z57 -> 0.5154229
A58: A1 | B58: Освежитель воздуха Нужные вещи Ванильный уют НД | C58: ER-00011580 | D58: =VLOOKUP(C58,Setup!A:F,3,) -> Air freshener NUZHNIE VESHI Vanilla comfort, 300 ml, N | E58: =VLOOKUP(C58,Setup!A:F,4,) -> NUZHNYE VESHI | F58: =VLOOKUP(C58,Setup!A:F,5,) -> AIR FRESHENERS | G58: =VLOOKUP(C58,Setup!A:F,6,) -> Air fresheners waterbase | H58: OA504 | I58: 15857 | J58: 15816 | K58: 120 | L58: 15 | M58: 30 | P58: 194 | Q58: 11 | R58: 25 | U58: 6 | V58: =Q58/(Q58+J58) -> 0.00069501485 | W58: =R58/(R58+J58) -> 0.0015781832 | X58: =U58/(U58+J58) -> 0.00037921881 | Y58: =(J58/(K58*(P58-M58-N58))) -> 0.80365854 | Z58: =(J58/(J58+R58+S58-T58)) -> 0.99842182 | AA58: =Y58*Z58 -> 0.80239022
A59: A1 | B59: Освежитель воздуха Нужные вещи Нежная фрезия НД | C59: ER-00011579 | D59: =VLOOKUP(C59,Setup!A:F,3,) -> Air freshener NUZHNIE VESHI Gentle freesia, 300 ml, N | E59: =VLOOKUP(C59,Setup!A:F,4,) -> NUZHNYE VESHI | F59: =VLOOKUP(C59,Setup!A:F,5,) -> AIR FRESHENERS | G59: =VLOOKUP(C59,Setup!A:F,6,) -> Air fresheners waterbase | H59: OA537 | I59: 21090 | J59: =14544+6414 -> 20958 | K59: 60 | L59: 30 | M59: 15 | P59: =302+92 -> 394 | Q59: =8+9 -> 17 | R59: =1+1 -> 2 | U59: 6 | V59: =Q59/(Q59+J59) -> 0.00081048868 | W59: =R59/(R59+J59) -> 9.5419847e-05 | X59: =U59/(U59+J59) -> 0.00028620492 | Y59: =(J59/(K59*(P59-M59-N59))) -> 0.92163588 | Z59: =(J59/(J59+R59+S59-T59)) -> 0.99990458 | AA59: =Y59*Z59 -> 0.92154794 | AB59: mix
A60: A1 | B60: Освежитель воздуха Нужные вещи Королева цветов НД | C60: ER-00011582 | D60: =VLOOKUP(C60,Setup!A:F,3,) -> Air freshener NUZHNIE VESHI Queen of flowers, 300 ml, N | E60: =VLOOKUP(C60,Setup!A:F,4,) -> NUZHNYE VESHI | F60: =VLOOKUP(C60,Setup!A:F,5,) -> AIR FRESHENERS | G60: =VLOOKUP(C60,Setup!A:F,6,) -> Air fresheners waterbase | H60: OA444 | I60: 5894 | J60: 6040 | K60: 120 | L60: 30 | M60: 0 | P60: 60 | Q60: 0 | R60: 7 | U60: 6 | V60: =Q60/(Q60+J60) -> 0 | W60: =R60/(R60+J60) -> 0.0011575988 | X60: =U60/(U60+J60) -> 0.00099239166 | Y60: =(J60/(K60*(P60-M60-N60))) -> 0.83888889 | Z60: =(J60/(J60+R60+S60-T60)) -> 0.9988424 | AA60: =Y60*Z60 -> 0.83791779
A61: A1 | B61: Освежитель воздуха Нужные вещи Лайм и корица НД | C61: ER-00011583 | D61: =VLOOKUP(C61,Setup!A:F,3,) -> Air freshener NUZHNIE VISHI Lime and cinnanmon, 300 ml, N | E61: =VLOOKUP(C61,Setup!A:F,4,) -> NUZHNYE VESHI | F61: =VLOOKUP(C61,Setup!A:F,5,) -> AIR FRESHENERS | G61: =VLOOKUP(C61,Setup!A:F,6,) -> Air fresheners waterbase | H61: OA442 | I61: 3392 | J61: 3372 | K61: 120 | L61: 15 | M61: 0 | P61: 41 | Q61: 0 | R61: 8 | U61: 6 | V61: =Q61/(Q61+J61) -> 0 | W61: =R61/(R61+J61) -> 0.0023668639 | X61: =U61/(U61+J61) -> 0.0017761989 | Y61: =(J61/(K61*(P61-M61-N61))) -> 0.68536585 | Z61: =(J61/(J61+R61+S61-T61)) -> 0.99763314 | AA61: =Y61*Z61 -> 0.68374369
A62: A1 | B62: Освежитель воздуха Нужные вещи Летний дождь НД | C62: ER-00011584 | D62: =VLOOKUP(C62,Setup!A:F,3,) -> Air freshener NUZHNIE VESHI Summer rain, 300 ml, N | E62: =VLOOKUP(C62,Setup!A:F,4,) -> NUZHNYE VESHI | F62: =VLOOKUP(C62,Setup!A:F,5,) -> AIR FRESHENERS | G62: =VLOOKUP(C62,Setup!A:F,6,) -> Air fresheners waterbase | H62: OA443 | I62: 2171 | J62: 2184 | K62: 60 | L62: 30 | M62: 0 | P62: 50 | U62: 6 | V62: =Q62/(Q62+J62) -> 0 | W62: =R62/(R62+J62) -> 0 | X62: =U62/(U62+J62) -> 0.002739726 | Y62: =(J62/(K62*(P62-M62-N62))) -> 0.728 | Z62: =(J62/(J62+R62+S62-T62)) -> 1 | AA62: =Y62*Z62 -> 0.728 | AB62: mix
A63: A1 | B63: Освежитель воздуха AIR WICK Французская ривьера (Морская волна и легкий бриз) | C63: ER-00012432 | D63: =VLOOKUP(C63,Setup!A:F,3,) -> Air freshener AIR WICK French Riviera Sea wave and Light breeze, 290 ml, new | E63: =VLOOKUP(C63,Setup!A:F,4,) -> AIR WICK | F63: =VLOOKUP(C63,Setup!A:F,5,) -> AIR FRESHENERS | G63: =VLOOKUP(C63,Setup!A:F,6,) -> Air fresheners waterbase RB | H63: OA492 | I63: 11550 | J63: 11520 | K63: 120 | L63: 30 | M63: 0 | N63: 60 | O63: repair of the watermeter in the mixing area | P63: 190 | Q63: 10 | R63: 5 | U63: 8 | V63: =Q63/(Q63+J63) -> 0.00086730269 | W63: =R63/(R63+J63) -> 0.00043383948 | X63: =U63/(U63+J63) -> 0.00069396253 | Y63: =(J63/(K63*(P63-M63-N63))) -> 0.73846154 | Z63: =(J63/(J63+R63+S63-T63)) -> 0.99956616 | AA63: =Y63*Z63 -> 0.73814116
A64: A1 | B64: Освежитель воздуха AIR WICK Испанские каникулы (Грейпфрут и цветущий лайм) | C64: ER-00012435 | D64: =VLOOKUP(C64,Setup!A:F,3,) -> Air freshener AIR WICK Spanish holidays Grapefruit and Blooming lime, 290 ml, new | E64: =VLOOKUP(C64,Setup!A:F,4,) -> AIR WICK | F64: =VLOOKUP(C64,Setup!A:F,5,) -> AIR FRESHENERS | G64: =VLOOKUP(C64,Setup!A:F,6,) -> Air fresheners waterbase RB | H64: OA615 | I64: 27720 | J64: 27672 | K64: 120 | L64: 15 | M64: 0 | P64: 277 | Q64: =22 -> 22 | R64: =10 -> 10 | U64: =8 -> 8 | V64: =Q64/(Q64+J64) -> 0.0007943959 | W64: =R64/(R64+J64) -> 0.00036124557 | X64: =U64/(U64+J64) -> 0.00028901734 | Y64: =(J64/(K64*(P64-M64-N64))) -> 0.83249097 | Z64: =(J64/(J64+R64+S64-T64)) -> 0.99963875 | AA64: =Y64*Z64 -> 0.83219024
A65: A1 | B65: Освежитель воздуха AIR WICK Японская весна (Цветущая сакура и бергамот) | C65: ER-00012430 | D65: =VLOOKUP(C65,Setup!A:F,3,) -> Air freshener AIR WICK Japanese Spring Cherry blossoms and Bergamot, 290 ml, new | E65: =VLOOKUP(C65,Setup!A:F,4,) -> AIR WICK | F65: =VLOOKUP(C65,Setup!A:F,5,) -> AIR FRESHENERS | G65: =VLOOKUP(C65,Setup!A:F,6,) -> Air fresheners waterbase RB | H65: OA491 | I65: 11550 | J65: 11532 | K65: 120 | L65: 15 | M65: 0 | P65: =25-10+112 -> 127 | Q65: 7 | R65: 2 | U65: 8 | V65: =Q65/(Q65+J65) -> 0.00060663836 | W65: =R65/(R65+J65) -> 0.00017340038 | X65: =U65/(U65+J65) -> 0.0006932409 | Y65: =(J65/(K65*(P65-M65-N65))) -> 0.75669291 | Z65: =(J65/(J65+R65+S65-T65)) -> 0.9998266 | AA65: =Y65*Z65 -> 0.7565617
A66: A1 | B66: Освежитель воздуха AIR WICK Марокканское утро (Листочки мяты и Зелёный чай) | C66: ER-00011334 | D66: =VLOOKUP(C66,Setup!A:F,3,) -> Air freshener AIR WICK Moroccan morning Mint leaves and Green tea, 290 ml, new | E66: =VLOOKUP(C66,Setup!A:F,4,) -> AIR WICK | F66: =VLOOKUP(C66,Setup!A:F,5,) -> AIR FRESHENERS | G66: =VLOOKUP(C66,Setup!A:F,6,) -> Air fresheners waterbase RB | H66: OA648 | I66: 6930 | J66: 6936 | K66: 120 | L66: 15 | M66: 0 | P66: 70 | Q66: 2 | R66: 2 | U66: 8 | V66: =Q66/(Q66+J66) -> 0.00028826751 | W66: =R66/(R66+J66) -> 0.00028826751 | X66: =U66/(U66+J66) -> 0.0011520737 | Y66: =(J66/(K66*(P66-M66-N66))) -> 0.82571429 | Z66: =(J66/(J66+R66+S66-T66)) -> 0.99971173 | AA66: =Y66*Z66 -> 0.82547626
A67: A1 | B67: Освежитель воздуха AIR WICK Мальдивские мечты (Тропические цветы и пачули) SRP | C67: ER-00013064 | D67: =VLOOKUP(C67,Setup!A:F,3,) -> Air freshener AIR WICK Maldivian Dreams Tropical flowers and Patchouli, 290 ml, new | E67: =VLOOKUP(C67,Setup!A:F,4,) -> AIR WICK | F67: =VLOOKUP(C67,Setup!A:F,5,) -> AIR FRESHENERS | G67: =VLOOKUP(C67,Setup!A:F,6,) -> Air fresheners waterbase RB | H67: OA616 | I67: 40400 | J67: 37536 | K67: 120 | L67: 15 | M67: =45+15 -> 60 | P67: 418 | Q67: 5 | R67: 10 | U67: 8 | V67: =Q67/(Q67+J67) -> 0.00013318771 | W67: =R67/(R67+J67) -> 0.00026633996 | X67: =U67/(U67+J67) -> 0.00021308332 | Y67: =(J67/(K67*(P67-M67-N67))) -> 0.87374302 | Z67: =(J67/(J67+R67+S67-T67)) -> 0.99973366 | AA67: =Y67*Z67 -> 0.8735103
A68: A1 | B68: Освежитель воздуха Home aroma Дыхание тайги | C68: ER-00011591 | D68: =VLOOKUP(C68,Setup!A:F,3,) -> Air freshener AIR PURE Home Aroma Breath of the taiga, 230 ml | E68: =VLOOKUP(C68,Setup!A:F,4,) -> AIR PURE | F68: =VLOOKUP(C68,Setup!A:F,5,) -> AIR FRESHENERS | G68: =VLOOKUP(C68,Setup!A:F,6,) -> Air fresheners refill | H68: OA634 | I68: 50082 | J68: 50058 | K68: 84 | L68: 120 | M68: 60 | N68: 34 | O68: waiting for the cap from the plastics area | P68: =135-10+735-10+105 -> 955 | Q68: =6+1 -> 7 | R68: =1+7 -> 8 | U68: 6 | V68: =Q68/(Q68+J68) -> 0.00013981824 | W68: =R68/(R68+J68) -> 0.00015978908 | X68: =U68/(U68+J68) -> 0.0001198466 | Y68: =(J68/(K68*(P68-M68-N68))) -> 0.69213539 | Z68: =(J68/(J68+R68+S68-T68)) -> 0.99984021 | AA68: =Y68*Z68 -> 0.6920248
A69: A1 | B69: Освежитель воздуха Air pure Сиреневый день | C69: ER-00011969 | D69: =VLOOKUP(C69,Setup!A:F,3,) -> Air freshener AIR PURE Lilac Day, 230 ml | E69: =VLOOKUP(C69,Setup!A:F,4,) -> AIR PURE | F69: =VLOOKUP(C69,Setup!A:F,5,) -> AIR FRESHENERS | G69: =VLOOKUP(C69,Setup!A:F,6,) -> Air fresheners refill | H69: OA673 | I69: 9233 | J69: 9242 | K69: 84 | L69: 15 | M69: 0 | N69: 26 | O69: waiting for the tank to become free for preparing the active product mixture | P69: 152 | U69: 6 | V69: =Q69/(Q69+J69) -> 0 | W69: =R69/(R69+J69) -> 0 | X69: =U69/(U69+J69) -> 0.00064878893 | Y69: =(J69/(K69*(P69-M69-N69))) -> 0.87320484 | Z69: =(J69/(J69+R69+S69-T69)) -> 1 | AA69: =Y69*Z69 -> 0.87320484
A70: A1 | B70: Освежитель воздуха AIR WICK Freshmatic Нежный шелк и лилия SRP | C70: ER-00012474 | D70: =VLOOKUP(C70,Setup!A:F,3,) -> Air freshener AIR WICK Freshmatic Delicate silk and lily, 250 ml | E70: =VLOOKUP(C70,Setup!A:F,4,) -> AIR WICK | F70: =VLOOKUP(C70,Setup!A:F,5,) -> AIR FRESHENERS | G70: =VLOOKUP(C70,Setup!A:F,6,) -> Air fresheners refill RB | H70: OA619 | I70: 64368 | J70: =28692+36948 -> 65640 | K70: 84 | L70: 60 | M70: =45+60 -> 105 | P70: =478-10+570 -> 1038 | Q70: =8 -> 8 | R70: =1+5 -> 6 | U70: 41 | V70: =Q70/(Q70+J70) -> 0.00012186205 | W70: =R70/(R70+J70) -> 9.1399324e-05 | X70: =U70/(U70+J70) -> 0.00062422923 | Y70: =(J70/(K70*(P70-M70-N70))) -> 0.83754402 | Z70: =(J70/(J70+R70+S70-T70)) -> 0.9999086 | AA70: =Y70*Z70 -> 0.83746747
A71: A1 | B71: Освежитель воздуха AIR WICK Freshmatic Спелый манго | C71: ER-00012478 | D71: =VLOOKUP(C71,Setup!A:F,3,) -> Air freshener AIR WICK Freshmatic Tropical fantasies Ripe mango, 250 ml | E71: =VLOOKUP(C71,Setup!A:F,4,) -> AIR WICK | F71: =VLOOKUP(C71,Setup!A:F,5,) -> AIR FRESHENERS | G71: =VLOOKUP(C71,Setup!A:F,6,) -> Air fresheners refill RB | H71: OA621 | I71: 10728 | J71: =9756+792 -> 10548 | K71: 84 | L71: 15 | M71: 0 | P71: =165-10+13 -> 168 | Q71: =6 -> 6 | R71: =2 -> 2 | U71: =14 -> 14 | V71: =Q71/(Q71+J71) -> 0.00056850483 | W71: =R71/(R71+J71) -> 0.00018957346 | X71: =U71/(U71+J71) -> 0.0013255065 | Y71: =(J71/(K71*(P71-M71-N71))) -> 0.74744898 | Z71: =(J71/(J71+R71+S71-T71)) -> 0.99981043 | AA71: =Y71*Z71 -> 0.74730728
A72: A1 | B72: Освежитель воздуха AIR PURE ALPEN FRESH Тропические цветы | C72: ER-00012500 | D72: =VLOOKUP(C72,Setup!A:F,3,) -> Air freshener AIR PURE ALPEN FRESH Tropical flowers, 250 ml | E72: =VLOOKUP(C72,Setup!A:F,4,) -> ALPEN | F72: =VLOOKUP(C72,Setup!A:F,5,) -> AIR FRESHENERS | G72: =VLOOKUP(C72,Setup!A:F,6,) -> Air fresheners refill | H72: OA658 | I72: 8100 | J72: 8112 | K72: 84 | L72: 60 | M72: 0 | P72: 147 | Q72: 7 | R72: 4 | U72: 6 | V72: =Q72/(Q72+J72) -> 0.00086217514 | W72: =R72/(R72+J72) -> 0.00049285362 | X72: =U72/(U72+J72) -> 0.0007390983 | Y72: =(J72/(K72*(P72-M72-N72))) -> 0.65694849 | Z72: =(J72/(J72+R72+S72-T72)) -> 0.99950715 | AA72: =Y72*Z72 -> 0.65662471
A73: A1 | B73: Освежитель воздуха AIR PURE ALPEN FRESH Свежесть водопада | C73: ER-00012457 | D73: =VLOOKUP(C73,Setup!A:F,3,) -> Air freshener AIR PURE ALPEN FRESH Freshness of a waterfall, 250 ml | E73: =VLOOKUP(C73,Setup!A:F,4,) -> ALPEN | F73: =VLOOKUP(C73,Setup!A:F,5,) -> AIR FRESHENERS | G73: =VLOOKUP(C73,Setup!A:F,6,) -> Air fresheners refill | H73: OA659 | I73: 6100 | J73: 6216 | K73: 84 | L73: 15 | M73: 15 | P73: 109 | U73: =6 -> 6 | V73: =Q73/(Q73+J73) -> 0 | W73: =R73/(R73+J73) -> 0 | X73: =U73/(U73+J73) -> 0.00096432015 | Y73: =(J73/(K73*(P73-M73-N73))) -> 0.78723404 | Z73: =(J73/(J73+R73+S73-T73)) -> 1 | AA73: =Y73*Z73 -> 0.78723404
A74: A1 | B74: Освежитель воздуха AIR PURE ALPEN FRESH Морской бриз | C74: ER-00012615 | D74: =VLOOKUP(C74,Setup!A:F,3,) -> Air freshener AIR PURE ALPEN FRESH Sea breeze, 250 ml | E74: =VLOOKUP(C74,Setup!A:F,4,) -> ALPEN | F74: =VLOOKUP(C74,Setup!A:F,5,) -> AIR FRESHENERS | G74: =VLOOKUP(C74,Setup!A:F,6,) -> Air fresheners refill | H74: OA661 | I74: 8000 | J74: 8040 | K74: 84 | L74: 15 | M74: 30 | P74: 148 | Q74: 1 | U74: =6 -> 6 | V74: =Q74/(Q74+J74) -> 0.00012436264 | W74: =R74/(R74+J74) -> 0 | X74: =U74/(U74+J74) -> 0.00074571216 | Y74: =(J74/(K74*(P74-M74-N74))) -> 0.81113801 | Z74: =(J74/(J74+R74+S74-T74)) -> 1 | AA74: =Y74*Z74 -> 0.81113801
A75: A1 | B75: Освежитель воздуха AIR PURE ALPEN FRESH Ароматный вернисаж | C75: ER-00012614 | D75: =VLOOKUP(C75,Setup!A:F,3,) -> Air freshener AIR PURE ALPEN FRESH Aromatic vernissage, 250 ml | E75: =VLOOKUP(C75,Setup!A:F,4,) -> ALPEN | F75: =VLOOKUP(C75,Setup!A:F,5,) -> AIR FRESHENERS | G75: =VLOOKUP(C75,Setup!A:F,6,) -> Air fresheners refill | H75: OA660 | I75: 9300 | J75: 9408 | K75: 84 | L75: 15 | M75: 15 | P75: 149 | U75: 6 | V75: =Q75/(Q75+J75) -> 0 | W75: =R75/(R75+J75) -> 0 | X75: =U75/(U75+J75) -> 0.00063734863 | Y75: =(J75/(K75*(P75-M75-N75))) -> 0.8358209 | Z75: =(J75/(J75+R75+S75-T75)) -> 1 | AA75: =Y75*Z75 -> 0.8358209
A76: A1 | B76: Освежитель воздуха Air pure Nature Тропический взрыв | C76: ER-00012807 | D76: =VLOOKUP(C76,Setup!A:F,3,) -> Air freshener AIR PURE NATURE Tropical explosion, 250 ml | E76: =VLOOKUP(C76,Setup!A:F,4,) -> AIR PURE | F76: =VLOOKUP(C76,Setup!A:F,5,) -> AIR FRESHENERS | G76: =VLOOKUP(C76,Setup!A:F,6,) -> Air fresheners refill | H76: OA685 | I76: 44000 | J76: =1728+6336+420+37140 -> 45624 | K76: 84 | L76: 15 | M76: =15+30 -> 45 | N76: 54 | O76: repackaging of cylinders with stickers | P76: =184-10+535 -> 709 | Q76: =22 -> 22 | R76: =4+4 -> 8 | U76: 6 | V76: =Q76/(Q76+J76) -> 0.00048196994 | W76: =R76/(R76+J76) -> 0.00017531557 | X76: =U76/(U76+J76) -> 0.00013149244 | Y76: =(J76/(K76*(P76-M76-N76))) -> 0.89039813 | Z76: =(J76/(J76+R76+S76-T76)) -> 0.99982468 | AA76: =Y76*Z76 -> 0.89024203
I77: =SUM(I2:I76) -> 1397029 | J77: =SUM(J2:J76) -> 1409966 | L77: =SUM(L2:L76) -> 2265 | M77: =SUM(M2:M76) -> 840 | N77: =SUM(N2:N76) -> 218 | P77: =SUM(P2:P76) -> 20205 | Q77: =SUM(Q2:Q76) -> 941 | R77: =SUM(R2:R76) -> 438 | S77: =SUM(S2:S76) -> 0 | T77: =SUM(T2:T76) -> 0 | U77: =SUM(U2:U76) -> 749 | V77: =Q77/(Q77+J77) -> 0.00066694686 | W77: =R77/(R77+J77) -> 0.00031054932 | X77: =U77/(U77+J77) -> 0.00053093644

Sheet 2
A1: Line | B1: Name | C1: Code | D1: English name | E1: Brand | F1: Nomenclature group | G1: Type of nomenclature | H1: Batch number | I1: Planned production, pcs | J1: Actual production, pcs | K1: Target line productivity rate per minute | L1: Line setup time, min | M1: Time of food stops, min | N1: Time for stops independent of line personnel, min | O1: Description of the reason for stopping column "N" | P1: Total batch production time, min | Q1: Initial defective cans, pcs | R1: Manufacturing defects of cans, pcs | S1: Недостача баллонов, шт. | T1: Излишек баллонов, шт. | U1: Number of cans taken by the laboratory for arbitration storage, pcs | V1: Initial defective cans, % | W1: Manufacturing defects of cans, % | X1: Number of cans taken by the laboratory for arbitration storage, % | Y1: ОЕЕ1 | Z1: ОЕЕ2 | AA1: ОЕЕ | AB1: Comment
A2: A2 | B2: Освежитель воздуха Flower shop Нежная фрезия и персик 300 мл | C2: ER-00011974 | D2: =VLOOKUP(C2,Setup!A:F,3,) -> Air freshener FLOWER SHOP Delicate freesia and peach, 300 ml | E2: =VLOOKUP(C2,Setup!A:F,4,) -> FLOWER SHOP | F2: =VLOOKUP(C2,Setup!A:F,5,) -> AIR FRESHENERS | G2: =VLOOKUP(C2,Setup!A:F,6,) -> Air fresheners waterbase | H2: OA209 | I2: 11550 | J2: 11784 | K2: 150 | L2: 120 | M2: 0 | P2: 182 | Q2: 8 | R2: 4 | U2: 6 | V2: =Q2/(Q2+J2) -> 0.00067842605 | W2: =R2/(R2+J2) -> 0.00033932813 | X2: =U2/(U2+J2) -> 0.00050890585 | Y2: =(J2/(K2*(P2-M2-N2))) -> 0.43164835 | Z2: =(J2/(J2+R2+S2-T2)) -> 0.99966067 | AA2: =Y2*Z2 -> 0.43150188
A3: A2 | B3: Освежитель воздуха Альпен Весенний сад 300 мл | C3: ER-00012716 | D3: =VLOOKUP(C3,Setup!A:F,3,) -> Air freshener ALPEN Spring forest, 300 ml | E3: =VLOOKUP(C3,Setup!A:F,4,) -> ALPEN | F3: =VLOOKUP(C3,Setup!A:F,5,) -> AIR FRESHENERS | G3: =VLOOKUP(C3,Setup!A:F,6,) -> Air fresheners waterbase | H3: OA377 | I3: 8784 | J3: 8772 | K3: 150 | L3: 15 | M3: 0 | P3: 78 | Q3: 2 | U3: 6 | V3: =Q3/(Q3+J3) -> 0.0002279462 | W3: =R3/(R3+J3) -> 0 | X3: =U3/(U3+J3) -> 0.000683527 | Y3: =(J3/(K3*(P3-M3-N3))) -> 0.74974359 | Z3: =(J3/(J3+R3+S3-T3)) -> 1 | AA3: =Y3*Z3 -> 0.74974359
A4: A2 | B4: Освежитель воздуха Альпен Нежность хлопка 300 мл | C4: ER-00012495 | D4: =VLOOKUP(C4,Setup!A:F,3,) -> Air freshener AIR PURE BY ALPEN Cotton softness, 300 ml | E4: =VLOOKUP(C4,Setup!A:F,4,) -> ALPEN | F4: =VLOOKUP(C4,Setup!A:F,5,) -> AIR FRESHENERS | G4: =VLOOKUP(C4,Setup!A:F,6,) -> Air fresheners waterbase | H4: OA378 | I4: 10980 | J4: 10968 | K4: 150 | L4: 15 | M4: 0 | P4: 105 | Q4: 2 | U4: 6 | V4: =Q4/(Q4+J4) -> 0.00018231541 | W4: =R4/(R4+J4) -> 0 | X4: =U4/(U4+J4) -> 0.00054674686 | Y4: =(J4/(K4*(P4-M4-N4))) -> 0.69638095 | Z4: =(J4/(J4+R4+S4-T4)) -> 1 | AA4: =Y4*Z4 -> 0.69638095
A5: A2 | B5: Освежитель воздуха Альпен Ландыш и жасмин 300 мл | C5: ER-00012496 | D5: =VLOOKUP(C5,Setup!A:F,3,) -> Air freshener AIR PURE BY ALPEN Lily of the valley and jasmine, 300 ml | E5: =VLOOKUP(C5,Setup!A:F,4,) -> ALPEN | F5: =VLOOKUP(C5,Setup!A:F,5,) -> AIR FRESHENERS | G5: =VLOOKUP(C5,Setup!A:F,6,) -> Air fresheners waterbase | H5: OA379 | I5: 10614 | J5: 10608 | K5: 150 | L5: 15 | M5: 0 | P5: =25-10+76 -> 91 | Q5: 1 | R5: 2 | U5: 6 | V5: =Q5/(Q5+J5) -> 9.4259591e-05 | W5: =R5/(R5+J5) -> 0.00018850141 | X5: =U5/(U5+J5) -> 0.00056529112 | Y5: =(J5/(K5*(P5-M5-N5))) -> 0.77714286 | Z5: =(J5/(J5+R5+S5-T5)) -> 0.9998115 | AA5: =Y5*Z5 -> 0.77699636
A6: A2 | B6: Освежитель воздуха Альпен Антитабак 300 мл | C6: ER-00012707 | D6: =VLOOKUP(C6,Setup!A:F,3,) -> Air freshener ALPEN Antitabacco, 300 ml | E6: =VLOOKUP(C6,Setup!A:F,4,) -> ALPEN | F6: =VLOOKUP(C6,Setup!A:F,5,) -> AIR FRESHENERS | G6: =VLOOKUP(C6,Setup!A:F,6,) -> Air fresheners waterbase | H6: OA191 | I6: 17202 | J6: 17364 | K6: 150 | L6: 15 | M6: 0 | P6: 152 | Q6: 2 | R6: 3 | U6: 6 | V6: =Q6/(Q6+J6) -> 0.00011516757 | W6: =R6/(R6+J6) -> 0.00017274141 | X6: =U6/(U6+J6) -> 0.00034542314 | Y6: =(J6/(K6*(P6-M6-N6))) -> 0.76157895 | Z6: =(J6/(J6+R6+S6-T6)) -> 0.99982726 | AA6: =Y6*Z6 -> 0.76144739
A7: A2 | B7: Освежитель воздуха Альпен Цветок магнолии 300 мл | C7: ER-00012715 | D7: =VLOOKUP(C7,Setup!A:F,3,) -> Air freshener ALPEN Magnolia flower, 300 ml | E7: =VLOOKUP(C7,Setup!A:F,4,) -> ALPEN | F7: =VLOOKUP(C7,Setup!A:F,5,) -> AIR FRESHENERS | G7: =VLOOKUP(C7,Setup!A:F,6,) -> Air fresheners waterbase | H7: OA160 | I7: 19764 | J7: 19764 | K7: 150 | L7: 15 | M7: 0 | P7: 159 | Q7: 2 | R7: 3 | U7: 6 | V7: =Q7/(Q7+J7) -> 0.00010118385 | W7: =R7/(R7+J7) -> 0.0001517681 | X7: =U7/(U7+J7) -> 0.00030349014 | Y7: =(J7/(K7*(P7-M7-N7))) -> 0.82867925 | Z7: =(J7/(J7+R7+S7-T7)) -> 0.99984823 | AA7: =Y7*Z7 -> 0.82855348
A8: A2 | B8: Освежитель воздуха Альпен Утренняя роса 300 мл | C8: ER-00012713 | D8: =VLOOKUP(C8,Setup!A:F,3,) -> Air freshener ALPEN Morning dew, 300 ml | E8: =VLOOKUP(C8,Setup!A:F,4,) -> ALPEN | F8: =VLOOKUP(C8,Setup!A:F,5,) -> AIR FRESHENERS | G8: =VLOOKUP(C8,Setup!A:F,6,) -> Air fresheners waterbase | H8: OA153 | I8: 17568 | J8: 17568 | K8: 150 | L8: 15 | M8: 0 | P8: 157 | Q8: 3 | R8: 2 | U8: 6 | V8: =Q8/(Q8+J8) -> 0.00017073587 | W8: =R8/(R8+J8) -> 0.00011383039 | X8: =U8/(U8+J8) -> 0.00034141345 | Y8: =(J8/(K8*(P8-M8-N8))) -> 0.74598726 | Z8: =(J8/(J8+R8+S8-T8)) -> 0.99988617 | AA8: =Y8*Z8 -> 0.74590235
A9: A2 | B9: Освежитель воздуха Прованс Солнечный апельсин 300 мл GG | C9: ER-00013382 | D9: =VLOOKUP(C9,Setup!A:F,3,) -> Air freshener GREEN COLLECTION BY PROVENCE Sunny Orange, 300 ml, N, Gatter group | E9: =VLOOKUP(C9,Setup!A:F,4,) -> GREEN COLLECTION BY PROVENCE | F9: =VLOOKUP(C9,Setup!A:F,5,) -> AIR FRESHENERS | G9: =VLOOKUP(C9,Setup!A:F,6,) -> Air fresheners waterbase | H9: OA408 | I9: 2000 | J9: 1585 | K9: 150 | L9: 15 | M9: 0 | P9: 20 | Q9: 1 | R9: 1 | U9: 6 | V9: =Q9/(Q9+J9) -> 0.00063051702 | W9: =R9/(R9+J9) -> 0.00063051702 | X9: =U9/(U9+J9) -> 0.0037712131 | Y9: =(J9/(K9*(P9-M9-N9))) -> 0.52833333 | Z9: =(J9/(J9+R9+S9-T9)) -> 0.99936948 | AA9: =Y9*Z9 -> 0.52800021
A10: A2 | B10: Освежитель воздуха Прованс Солнечный апельсин 300 мл | C10: ER-00011705 | D10: =VLOOKUP(C10,Setup!A:F,3,) -> Air freshener GREEN COLLECTION BY PROVENCE Sunny Orange, 300 ml | E10: =VLOOKUP(C10,Setup!A:F,4,) -> GREEN COLLECTION BY PROVENCE | F10: =VLOOKUP(C10,Setup!A:F,5,) -> AIR FRESHENERS | G10: =VLOOKUP(C10,Setup!A:F,6,) -> Air fresheners waterbase | H10: OA408 | I10: 4000 | J10: 4512 | K10: 150 | L10: 0 | M10: 0 | P10: 61 | V10: =Q10/(Q10+J10) -> 0 | W10: =R10/(R10+J10) -> 0 | X10: =U10/(U10+J10) -> 0 | Y10: =(J10/(K10*(P10-M10-N10))) -> 0.49311475 | Z10: =(J10/(J10+R10+S10-T10)) -> 1 | AA10: =Y10*Z10 -> 0.49311475
A11: A2 | B11: Освежитель воздуха Прованс Сирень и лаванда 300 мл GG | C11: ER-00013380 | D11: =VLOOKUP(C11,Setup!A:F,3,) -> Air freshener GREEN COLLECTION BY PROVENCE Lilac and lavender, 300 ml, Gatter group | E11: =VLOOKUP(C11,Setup!A:F,4,) -> GREEN COLLECTION BY PROVENCE | F11: =VLOOKUP(C11,Setup!A:F,5,) -> AIR FRESHENERS | G11: =VLOOKUP(C11,Setup!A:F,6,) -> Air fresheners waterbase | H11: OA386 | I11: 12400 | J11: =6804+1944+3660 -> 12408 | K11: 150 | L11: 15 | M11: 0 | P11: 120 | Q11: =1+2 -> 3 | R11: =1+1 -> 2 | U11: 6 | V11: =Q11/(Q11+J11) -> 0.00024172105 | W11: =R11/(R11+J11) -> 0.00016116035 | X11: =U11/(U11+J11) -> 0.00048332528 | Y11: =(J11/(K11*(P11-M11-N11))) -> 0.68933333 | Z11: =(J11/(J11+R11+S11-T11)) -> 0.99983884 | AA11: =Y11*Z11 -> 0.68922224
A12: A2 | B12: Освежитель воздуха Прованс Сирень и лаванда 300 мл | C12: ER-00011712 | D12: =VLOOKUP(C12,Setup!A:F,3,) -> Air freshener GREEN COLLECTION BY PROVENCE Lilac and lavender, 300 ml | E12: =VLOOKUP(C12,Setup!A:F,4,) -> GREEN COLLECTION BY PROVENCE | F12: =VLOOKUP(C12,Setup!A:F,5,) -> AIR FRESHENERS | G12: =VLOOKUP(C12,Setup!A:F,6,) -> Air fresheners waterbase | H12: OA386 | I12: 2700 | J12: 3168 | K12: 150 | L12: 0 | M12: 0 | P12: 32 | V12: =Q12/(Q12+J12) -> 0 | W12: =R12/(R12+J12) -> 0 | X12: =U12/(U12+J12) -> 0 | Y12: =(J12/(K12*(P12-M12-N12))) -> 0.66 | Z12: =(J12/(J12+R12+S12-T12)) -> 1 | AA12: =Y12*Z12 -> 0.66
A13: A2 | B13: Дезодорант SS Ice blue мужской | C13: 00-00001753 | D13: =VLOOKUP(C13,Setup!A:F,3,) -> Deodorant SPORT STAR Ice blue man, 175 ml | E13: =VLOOKUP(C13,Setup!A:F,4,) -> SPORT STAR | F13: =VLOOKUP(C13,Setup!A:F,5,) -> BODY CARE | G13: =VLOOKUP(C13,Setup!A:F,6,) -> Deodorant | H13: DA029 | I13: 16000 | J13: 16308 | K13: 150 | L13: 60 | M13: 0 | P13: 196 | Q13: 6 | R13: =6+2 -> 8 | U13: 6 | V13: =Q13/(Q13+J13) -> 0.00036778227 | W13: =R13/(R13+J13) -> 0.00049031625 | X13: =U13/(U13+J13) -> 0.00036778227 | Y13: =(J13/(K13*(P13-M13-N13))) -> 0.55469388 | Z13: =(J13/(J13+R13+S13-T13)) -> 0.99950968 | AA13: =Y13*Z13 -> 0.5544219
A14: A2 | B14: Дезодорант EDISON Golden Amber мужской | C14: ER-00012398 | D14: =VLOOKUP(C14,Setup!A:F,3,) -> Deodorant EDISON Golden Amber for men, 150 ml | E14: =VLOOKUP(C14,Setup!A:F,4,) -> EDISON | F14: =VLOOKUP(C14,Setup!A:F,5,) -> BODY CARE | G14: =VLOOKUP(C14,Setup!A:F,6,) -> Deodorant | H14: DA025 | I14: 12078 | J14: 12132 | K14: 150 | L14: 15 | M14: 0 | N14: 29 | O14: the alcogol meter broke | P14: 132 | Q14: 6 | R14: 2 | U14: 6 | V14: =Q14/(Q14+J14) -> 0.00049431537 | W14: =R14/(R14+J14) -> 0.00016482611 | X14: =U14/(U14+J14) -> 0.00049431537 | Y14: =(J14/(K14*(P14-M14-N14))) -> 0.78524272 | Z14: =(J14/(J14+R14+S14-T14)) -> 0.99983517 | AA14: =Y14*Z14 -> 0.78511329
A15: A2 | B15: Дезодорант EDISON Green Vetiver мужской | C15: ER-00012400 | D15: =VLOOKUP(C15,Setup!A:F,3,) -> Deodorant EDISON Green Vetiver for men, 150 ml | E15: =VLOOKUP(C15,Setup!A:F,4,) -> EDISON | F15: =VLOOKUP(C15,Setup!A:F,5,) -> BODY CARE | G15: =VLOOKUP(C15,Setup!A:F,6,) -> Deodorant | H15: DA026 | I15: 12078 | J15: 12444 | K15: 150 | L15: 15 | M15: 0 | P15: 114 | Q15: 3 | R15: 3 | U15: 6 | V15: =Q15/(Q15+J15) -> 0.00024102193 | W15: =R15/(R15+J15) -> 0.00024102193 | X15: =U15/(U15+J15) -> 0.00048192771 | Y15: =(J15/(K15*(P15-M15-N15))) -> 0.7277193 | Z15: =(J15/(J15+R15+S15-T15)) -> 0.99975898 | AA15: =Y15*Z15 -> 0.7275439
A16: A2 | B16: Дезодорант EDISON Orange Bergamot мужской | C16: ER-00012399 | D16: =VLOOKUP(C16,Setup!A:F,3,) -> Deodorant EDISON Orange Bergamot for men, 150 ml | E16: =VLOOKUP(C16,Setup!A:F,4,) -> EDISON | F16: =VLOOKUP(C16,Setup!A:F,5,) -> BODY CARE | G16: =VLOOKUP(C16,Setup!A:F,6,) -> Deodorant | H16: DA027 | I16: 12078 | J16: 12708 | K16: 150 | L16: 15 | M16: 15 | P16: 127 | Q16: 11 | R16: 3 | U16: 6 | V16: =Q16/(Q16+J16) -> 0.00086484787 | W16: =R16/(R16+J16) -> 0.00023601605 | X16: =U16/(U16+J16) -> 0.00047192072 | Y16: =(J16/(K16*(P16-M16-N16))) -> 0.75642857 | Z16: =(J16/(J16+R16+S16-T16)) -> 0.99976398 | AA16: =Y16*Z16 -> 0.75625004
A17: A2 | B17: Дезодорант EDISON Blue Aqua мужской | C17: ER-00012401 | D17: =VLOOKUP(C17,Setup!A:F,3,) -> Deodorant EDISON Blue Aqua for men, 150 ml | E17: =VLOOKUP(C17,Setup!A:F,4,) -> EDISON | F17: =VLOOKUP(C17,Setup!A:F,5,) -> BODY CARE | G17: =VLOOKUP(C17,Setup!A:F,6,) -> Deodorant | H17: DA028 | I17: 12078 | J17: =9720+276+2376 -> 12372 | K17: 150 | L17: 15 | M17: 0 | P17: =115-10+21 -> 126 | Q17: 5 | R17: =1+17 -> 18 | U17: 6 | V17: =Q17/(Q17+J17) -> 0.00040397512 | W17: =R17/(R17+J17) -> 0.0014527845 | X17: =U17/(U17+J17) -> 0.00048473097 | Y17: =(J17/(K17*(P17-M17-N17))) -> 0.65460317 | Z17: =(J17/(J17+R17+S17-T17)) -> 0.99854722 | AA17: =Y17*Z17 -> 0.65365218
A18: A2 | B18: Лак для волос Professional look Fanfare Экстрасильная фиксация | C18: 00-00010355 | D18: =VLOOKUP(C18,Setup!A:F,3,) -> Hairspray PROFESSIONAL LOOK FANFARE exstrastrong hold, 300 ml | E18: =VLOOKUP(C18,Setup!A:F,4,) -> PROFESSIONAL LOOK FANFARE | F18: =VLOOKUP(C18,Setup!A:F,5,) -> HAIR CARE | G18: =VLOOKUP(C18,Setup!A:F,6,) -> Hairspray | H18: UA024 | I18: 21960 | J18: 21936 | K18: 150 | L18: 30 | M18: 0 | N18: 119 | O18: repackaging of old products | P18: 284 | Q18: 6 | R18: 2 | U18: 6 | V18: =Q18/(Q18+J18) -> 0.00027344818 | W18: =R18/(R18+J18) -> 9.1166013e-05 | X18: =U18/(U18+J18) -> 0.00027344818 | Y18: =(J18/(K18*(P18-M18-N18))) -> 0.88630303 | Z18: =(J18/(J18+R18+S18-T18)) -> 0.99990883 | AA18: =Y18*Z18 -> 0.88622223
A19: A2 | B19: Лак для волос Professional look Fanfare Luxury Уход и фиксация | C19: 00-00008693 | D19: =VLOOKUP(C19,Setup!A:F,3,) -> Hairspray PROFESSIONAL LOOK FANFARE Stroke and fixation, 300 ml | E19: =VLOOKUP(C19,Setup!A:F,4,) -> PROFESSIONAL LOOK FANFARE | F19: =VLOOKUP(C19,Setup!A:F,5,) -> HAIR CARE | G19: =VLOOKUP(C19,Setup!A:F,6,) -> Hairspray | H19: UA025 | I19: 21960 | J19: 21564 | K19: 150 | L19: 15 | M19: 0 | P19: 180 | Q19: 26 | R19: 2 | U19: 6 | V19: =Q19/(Q19+J19) -> 0.0012042612 | W19: =R19/(R19+J19) -> 9.273857e-05 | X19: =U19/(U19+J19) -> 0.00027816412 | Y19: =(J19/(K19*(P19-M19-N19))) -> 0.79866667 | Z19: =(J19/(J19+R19+S19-T19)) -> 0.99990726 | AA19: =Y19*Z19 -> 0.7985926
A20: A2 | B20: Лак для волос Pro fixation сверхсильной фиксации товарного знака DELIVEA | C20: 00-00011257 | D20: =VLOOKUP(C20,Setup!A:F,3,) -> Hairspray DELIVEA superstrong hold, 300 ml | E20: =VLOOKUP(C20,Setup!A:F,4,) -> DELIVEA | F20: =VLOOKUP(C20,Setup!A:F,5,) -> HAIR CARE | G20: =VLOOKUP(C20,Setup!A:F,6,) -> Hairspray | H20: UA031 | I20: 87840 | J20: =25641+61026 -> 86667 | K20: 150 | L20: 15 | M20: =15+45 -> 60 | P20: =240-10+505 -> 735 | Q20: =2+39 -> 41 | R20: =8+12 -> 20 | U20: 6 | V20: =Q20/(Q20+J20) -> 0.00047285141 | W20: =R20/(R20+J20) -> 0.0002307151 | X20: =U20/(U20+J20) -> 6.922571e-05 | Y20: =(J20/(K20*(P20-M20-N20))) -> 0.85597037 | Z20: =(J20/(J20+R20+S20-T20)) -> 0.99976928 | AA20: =Y20*Z20 -> 0.85577289
A21: A2 | B21: Пена для бритья EDISON для всех типов кожи с алоэ вера | C21: 00-00010623 | D21: =VLOOKUP(C21,Setup!A:F,3,) -> Shaving foam EDISON all skin types with aloe vera, 300 ml | E21: =VLOOKUP(C21,Setup!A:F,4,) -> EDISON | F21: =VLOOKUP(C21,Setup!A:F,5,) -> BODY CARE | G21: =VLOOKUP(C21,Setup!A:F,6,) -> Shaving foam | H21: BA028 | I21: 23690 | J21: =13608+1068+9720 -> 24396 | K21: 140 | L21: 60 | M21: =15+15+30 -> 60 | P21: =230-10+80 -> 300 | Q21: =24+9 -> 33 | R21: =3+2 -> 5 | U21: 6 | V21: =Q21/(Q21+J21) -> 0.0013508535 | W21: =R21/(R21+J21) -> 0.00020490963 | X21: =U21/(U21+J21) -> 0.00024588149 | Y21: =(J21/(K21*(P21-M21-N21))) -> 0.72607143 | Z21: =(J21/(J21+R21+S21-T21)) -> 0.99979509 | AA21: =Y21*Z21 -> 0.72592265
A22: A2 | B22: Пена для бритья EDISON для чувствительной с витаминами | C22: 00-00010624 | D22: =VLOOKUP(C22,Setup!A:F,3,) -> Shaving foam EDISON for sensitive skin with vitamins, 300 ml | E22: =VLOOKUP(C22,Setup!A:F,4,) -> EDISON | F22: =VLOOKUP(C22,Setup!A:F,5,) -> BODY CARE | G22: =VLOOKUP(C22,Setup!A:F,6,) -> Shaving foam | H22: BA029 | I22: 24541 | J22: 23616 | K22: 140 | L22: 15 | M22: 0 | P22: 183 | Q22: 6 | R22: 2 | U22: 6 | V22: =Q22/(Q22+J22) -> 0.00025400051 | W22: =R22/(R22+J22) -> 8.4681175e-05 | X22: =U22/(U22+J22) -> 0.00025400051 | Y22: =(J22/(K22*(P22-M22-N22))) -> 0.92177986 | Z22: =(J22/(J22+R22+S22-T22)) -> 0.99991532 | AA22: =Y22*Z22 -> 0.9217018
A23: A2 | B23: Пена для бритья DELIVEA для чувствительной кожи MEN | C23: ER-00011870 | D23: =VLOOKUP(C23,Setup!A:F,3,) -> Shaving foam DELIVEA for sensitive skin man, 300 ml | E23: =VLOOKUP(C23,Setup!A:F,4,) -> DELIVEA | F23: =VLOOKUP(C23,Setup!A:F,5,) -> BODY CARE | G23: =VLOOKUP(C23,Setup!A:F,6,) -> Shaving foam | H23: BA030 | I23: 24782 | J23: =20433+5082 -> 25515 | K23: 140 | L23: 15 | M23: 0 | P23: =215-10+38 -> 243 | Q23: =11+3 -> 14 | R23: =3+1 -> 4 | U23: 6 | V23: =Q23/(Q23+J23) -> 0.00054839594 | W23: =R23/(R23+J23) -> 0.00015674595 | X23: =U23/(U23+J23) -> 0.00023510051 | Y23: =(J23/(K23*(P23-M23-N23))) -> 0.75 | Z23: =(J23/(J23+R23+S23-T23)) -> 0.99984325 | AA23: =Y23*Z23 -> 0.74988244
A24: A2 | B24: Пена для бритья Endeavor для чувствительной кожи СЛИВЕР | C24: ER-00013449 | D24: =VLOOKUP(C24,Setup!A:F,3,) -> Shaving foam ENDEAVOR Sensitive for sensitive skin, 200 ml, Sl | E24: =VLOOKUP(C24,Setup!A:F,4,) -> ENDEAVOR | F24: =VLOOKUP(C24,Setup!A:F,5,) -> BODY CARE | G24: =VLOOKUP(C24,Setup!A:F,6,) -> Shaving foam | H24: BA023 | I24: 15000 | J24: 15084 | K24: 140 | L24: 15 | M24: 0 | P24: 167 | Q24: 20 | R24: 2 | U24: 6 | V24: =Q24/(Q24+J24) -> 0.0013241525 | W24: =R24/(R24+J24) -> 0.00013257325 | X24: =U24/(U24+J24) -> 0.00039761431 | Y24: =(J24/(K24*(P24-M24-N24))) -> 0.64516681 | Z24: =(J24/(J24+R24+S24-T24)) -> 0.99986743 | AA24: =Y24*Z24 -> 0.64508128
A25: A2 | B25: Пена для бритья LA FRESH для чувствительной кожи 52*161 | C25: ER-00011919 | D25: =VLOOKUP(C25,Setup!A:F,3,) -> Shaving foam LA FRESH for sensitive skin, 200 ml | E25: =VLOOKUP(C25,Setup!A:F,4,) -> LA FRESH | F25: =VLOOKUP(C25,Setup!A:F,5,) -> BODY CARE | G25: =VLOOKUP(C25,Setup!A:F,6,) -> Shaving foam | H25: BA037 | I25: 8574 | J25: 8772 | K25: 140 | L25: 15 | M25: 0 | P25: 90 | Q25: 3 | R25: 4 | U25: 6 | V25: =Q25/(Q25+J25) -> 0.00034188034 | W25: =R25/(R25+J25) -> 0.00045578851 | X25: =U25/(U25+J25) -> 0.000683527 | Y25: =(J25/(K25*(P25-M25-N25))) -> 0.69619048 | Z25: =(J25/(J25+R25+S25-T25)) -> 0.99954421 | AA25: =Y25*Z25 -> 0.69587316
A26: A2 | B26: Антистатик VERTI Velon | C26: ER-00013428 | D26: =VLOOKUP(C26,Setup!A:F,3,) -> Antistatic Verti VELON, 200 ml | E26: =VLOOKUP(C26,Setup!A:F,4,) -> VELON | F26: =VLOOKUP(C26,Setup!A:F,5,) -> ANISTATIC | G26: =VLOOKUP(C26,Setup!A:F,6,) -> Antistatic | H26: АА004 | I26: 55000 | J26: 56220 | K26: 150 | L26: 120 | M26: 15 | P26: =567 -> 567 | Q26: 40 | R26: 60 | U26: 6 | V26: =Q26/(Q26+J26) -> 0.00071098471 | W26: =R26/(R26+J26) -> 0.0010660981 | X26: =U26/(U26+J26) -> 0.0001067122 | Y26: =(J26/(K26*(P26-M26-N26))) -> 0.67898551 | Z26: =(J26/(J26+R26+S26-T26)) -> 0.9989339 | AA26: =Y26*Z26 -> 0.67826164
A27: A2 | B27: Дезодорант-антиперспирант для ног LA FRESH, 150 мл 45*150 | C27: 00-00001026 | D27: =VLOOKUP(C27,Setup!A:F,3,) -> Deodorant-antiperspirant for feet LA FRESH, 150 ml | E27: =VLOOKUP(C27,Setup!A:F,4,) -> LA FRESH | F27: =VLOOKUP(C27,Setup!A:F,5,) -> SHOE AND CLOTHING CARE | G27: =VLOOKUP(C27,Setup!A:F,6,) -> Shoe deodorant | H27: DA019 | I27: 10000 | J27: =9816 -> 9816 | K27: 150 | L27: 15 | M27: 0 | N27: 385 | O27: repackaging of old products | P27: =345+120 -> 465 | Q27: 10 | R27: 8 | U27: 6 | V27: =Q27/(Q27+J27) -> 0.0010177081 | W27: =R27/(R27+J27) -> 0.00081433225 | X27: =U27/(U27+J27) -> 0.00061087355 | Y27: =(J27/(K27*(P27-M27-N27))) -> 0.818 | Z27: =(J27/(J27+R27+S27-T27)) -> 0.99918567 | AA27: =Y27*Z27 -> 0.81733388
A28: A2 | B28: Мусс для волос PROFESSIONAL TOUCH Pro-vitamin B5 Silk Protein экстрасильной фиксации, 150 мл 45*150 | C28: 00-00001658 | D28: =VLOOKUP(C28,Setup!A:F,3,) -> Hair mousse PROFESSIONAL TOUCH Pro-vitamin B5 Silk Protein extra strong hold, 150 ml | E28: =VLOOKUP(C28,Setup!A:F,4,) -> PROFESSIONAL TOUCH | F28: =VLOOKUP(C28,Setup!A:F,5,) -> HAIR CARE | G28: =VLOOKUP(C28,Setup!A:F,6,) -> Hair mousse | H28: UA023 | I28: 30000 | J28: =13440+1008+15696 -> 30144 | K28: 140 | L28: 30 | M28: 45 | N28: 120 | O28: repackaging of old products | P28: =390-15+160 -> 535 | Q28: =21+4 -> 25 | R28: =7+52 -> 59 | U28: =6+6 -> 12 | V28: =Q28/(Q28+J28) -> 0.00082866519 | W28: =R28/(R28+J28) -> 0.0019534483 | X28: =U28/(U28+J28) -> 0.00039793076 | Y28: =(J28/(K28*(P28-M28-N28))) -> 0.5819305 | Z28: =(J28/(J28+R28+S28-T28)) -> 0.99804655 | AA28: =Y28*Z28 -> 0.58079373
A29: A2 | B29: Мусс для волос PROFESSIONAL TOUCH Pro-Vitamin B5&Collagen сильная фиксация,150 мл 45*150 | C29: ER-00011901 | D29: =VLOOKUP(C29,Setup!A:F,3,) -> Hair mousse PROFESSIONAL TOUCH Pro vitamin B5B5&Collagen strong hold, 150 ml | E29: =VLOOKUP(C29,Setup!A:F,4,) -> PROFESSIONAL TOUCH | F29: =VLOOKUP(C29,Setup!A:F,5,) -> HAIR CARE | G29: =VLOOKUP(C29,Setup!A:F,6,) -> Hair mousse | H29: UA032 | I29: 6500 | J29: 6888 | K29: 140 | L29: 15 | M29: =15+15 -> 30 | P29: 104 | Q29: 1 | R29: 4 | U29: 6 | V29: =Q29/(Q29+J29) -> 0.00014515895 | W29: =R29/(R29+J29) -> 0.00058038305 | X29: =U29/(U29+J29) -> 0.00087032202 | Y29: =(J29/(K29*(P29-M29-N29))) -> 0.66486486 | Z29: =(J29/(J29+R29+S29-T29)) -> 0.99941962 | AA29: =Y29*Z29 -> 0.66447899
A30: A2 | B30: Мусс для волос OLIVIA Пышная грива 4 степень фиксации, 150 мл, trends 45*150 | C30: ER-00012333 | D30: =VLOOKUP(C30,Setup!A:F,3,) -> Hair mousse OLIVIA Lush mane Lush mane trends line, 150 ml | E30: =VLOOKUP(C30,Setup!A:F,4,) -> OLIVIA | F30: =VLOOKUP(C30,Setup!A:F,5,) -> HAIR CARE | G30: =VLOOKUP(C30,Setup!A:F,6,) -> Hair mousse | H30: UA018 | I30: 6500 | J30: 6678 | K30: 140 | L30: 15 | M30: =30+30+40 -> 100 | P30: 156 | Q30: 5 | R30: 12 | U30: 12 | V30: =Q30/(Q30+J30) -> 0.00074816699 | W30: =R30/(R30+J30) -> 0.001793722 | X30: =U30/(U30+J30) -> 0.001793722 | Y30: =(J30/(K30*(P30-M30-N30))) -> 0.85178571 | Z30: =(J30/(J30+R30+S30-T30)) -> 0.99820628 | AA30: =Y30*Z30 -> 0.85025785
A31: A2 | B31: Мусс для волос OLIVIA Мега стойкость и Термо защита cверхсильная фиксация 6, 150 мл, fitocare 45*150 | C31: ER-00012334 | D31: =VLOOKUP(C31,Setup!A:F,3,) -> Hair mousse OLIVIA Mega durability and thermal protection, super strong hold 6, 150 ml, fitocare line | E31: =VLOOKUP(C31,Setup!A:F,4,) -> OLIVIA | F31: =VLOOKUP(C31,Setup!A:F,5,) -> HAIR CARE | G31: =VLOOKUP(C31,Setup!A:F,6,) -> Hair mousse | H31: UA021 | I31: 6500 | J31: 6491 | K31: 140 | L31: 15 | M31: 0 | P31: 84 | R31: 9 | U31: 6 | V31: =Q31/(Q31+J31) -> 0 | W31: =R31/(R31+J31) -> 0.0013846154 | X31: =U31/(U31+J31) -> 0.00092350316 | Y31: =(J31/(K31*(P31-M31-N31))) -> 0.55195578 | Z31: =(J31/(J31+R31+S31-T31)) -> 0.99861538 | AA31: =Y31*Z31 -> 0.55119154
A32: A2 | B32: Мусс для волос OLIVIA Супер объем от корней мегафиксация 5, 150 мл, fitocare 45*150 | C32: ER-00012335 | D32: =VLOOKUP(C32,Setup!A:F,3,) -> Hair mousse OLIVIA Super volume from roots mega fixation 5, 150 ml, fitocare line | E32: =VLOOKUP(C32,Setup!A:F,4,) -> OLIVIA | F32: =VLOOKUP(C32,Setup!A:F,5,) -> HAIR CARE | G32: =VLOOKUP(C32,Setup!A:F,6,) -> Hair mousse | H32: UA022 | I32: 6500 | J32: 6751 | K32: 140 | L32: 15 | M32: 15 | P32: 96 | Q32: 5 | R32: 14 | U32: 6 | V32: =Q32/(Q32+J32) -> 0.00074008289 | W32: =R32/(R32+J32) -> 0.0020694752 | X32: =U32/(U32+J32) -> 0.00088796803 | Y32: =(J32/(K32*(P32-M32-N32))) -> 0.59532628 | Z32: =(J32/(J32+R32+S32-T32)) -> 0.99793052 | AA32: =Y32*Z32 -> 0.59409427
A33: A2 | B33: Мусс для волос OLIVIA Expert PRO Flex&Control, 150 мл 45*150 | C33: ER-00011391 | D33: =VLOOKUP(C33,Setup!A:F,3,) -> Hair mousse OLIVIA Expert Pro Flex and Control, 150 ml | E33: =VLOOKUP(C33,Setup!A:F,4,) -> OLIVIA | F33: =VLOOKUP(C33,Setup!A:F,5,) -> HAIR CARE | G33: =VLOOKUP(C33,Setup!A:F,6,) -> Hair mousse | H33: UA019 | I33: 6500 | J33: =3663+3363 -> 7026 | K33: 140 | L33: 15 | M33: 0 | N33: =45+48 -> 93 | O33: repackaging of old products | P33: =135-10+85 -> 210 | Q33: =2+3 -> 5 | R33: =6+32 -> 38 | U33: 12 | V33: =Q33/(Q33+J33) -> 0.0007111364 | W33: =R33/(R33+J33) -> 0.0053793884 | X33: =U33/(U33+J33) -> 0.0017050298 | Y33: =(J33/(K33*(P33-M33-N33))) -> 0.42893773 | Z33: =(J33/(J33+R33+S33-T33)) -> 0.99462061 | AA33: =Y33*Z33 -> 0.42663031
A34: A2 | B34: Мусс для волос OLIVIA Expert PRO Volume&power, 150 мл 45*150 | C34: ER-00011392 | D34: =VLOOKUP(C34,Setup!A:F,3,) -> Hair mousse OLIVIA Expert Pro Volume and power, 150 ml | E34: =VLOOKUP(C34,Setup!A:F,4,) -> OLIVIA | F34: =VLOOKUP(C34,Setup!A:F,5,) -> HAIR CARE | G34: =VLOOKUP(C34,Setup!A:F,6,) -> Hair mousse | H34: UA020 | I34: 6500 | J34: 6310 | K34: 140 | L34: 15 | M34: 0 | P34: 120 | Q34: 4 | R34: 16 | U34: 6 | V34: =Q34/(Q34+J34) -> 0.00063351283 | W34: =R34/(R34+J34) -> 0.0025292444 | X34: =U34/(U34+J34) -> 0.00094996833 | Y34: =(J34/(K34*(P34-M34-N34))) -> 0.37559524 | Z34: =(J34/(J34+R34+S34-T34)) -> 0.99747076 | AA34: =Y34*Z34 -> 0.37464527
A35: A2 | B35: Дезодорант SS Ice blue мужской НД | C35: ER-00013566 | D35: =VLOOKUP(C35,Setup!A:F,3,) -> Deodorant SPORT STAR Ice blue for men, 175 ml, F | E35: =VLOOKUP(C35,Setup!A:F,4,) -> SPORT STAR | F35: =VLOOKUP(C35,Setup!A:F,5,) -> BODY CARE | G35: =VLOOKUP(C35,Setup!A:F,6,) -> Deodorant | H35: DA040 | I35: 12000 | J35: 11976 | K35: 150 | L35: 120 | M35: 0 | P35: 342 | Q35: 12 | R35: =12+12+14 -> 38 | U35: 6 | V35: =Q35/(Q35+J35) -> 0.001001001 | W35: =R35/(R35+J35) -> 0.0031629765 | X35: =U35/(U35+J35) -> 0.00050075113 | Y35: =(J35/(K35*(P35-M35-N35))) -> 0.23345029 | Z35: =(J35/(J35+R35+S35-T35)) -> 0.99683702 | AA35: =Y35*Z35 -> 0.23271189
A36: A2 | B36: Дезодорант SS Ice blue мужской | C36: 00-00001753 | D36: =VLOOKUP(C36,Setup!A:F,3,) -> Deodorant SPORT STAR Ice blue man, 175 ml | E36: =VLOOKUP(C36,Setup!A:F,4,) -> SPORT STAR | F36: =VLOOKUP(C36,Setup!A:F,5,) -> BODY CARE | G36: =VLOOKUP(C36,Setup!A:F,6,) -> Deodorant | H36: DA034 | I36: 16305 | J36: 16296 | K36: 150 | L36: 30 | M36: 15 | P36: 167 | Q36: 3 | R36: 1 | U36: 6 | V36: =Q36/(Q36+J36) -> 0.00018406037 | W36: =R36/(R36+J36) -> 6.1360987e-05 | X36: =U36/(U36+J36) -> 0.000368053 | Y36: =(J36/(K36*(P36-M36-N36))) -> 0.71473684 | Z36: =(J36/(J36+R36+S36-T36)) -> 0.99993864 | AA36: =Y36*Z36 -> 0.71469299
A37: A2 | B37: Дезодорант EDISON Golden Amber мужской | C37: ER-00012398 | D37: =VLOOKUP(C37,Setup!A:F,3,) -> Deodorant EDISON Golden Amber for men, 150 ml | E37: =VLOOKUP(C37,Setup!A:F,4,) -> EDISON | F37: =VLOOKUP(C37,Setup!A:F,5,) -> BODY CARE | G37: =VLOOKUP(C37,Setup!A:F,6,) -> Deodorant | H37: DA030 | I37: 12078 | J37: =12000 -> 12000 | K37: 150 | L37: 15 | M37: 0 | P37: =21-10+149 -> 160 | Q37: 2 | R37: 2 | U37: 6 | V37: =Q37/(Q37+J37) -> 0.00016663889 | W37: =R37/(R37+J37) -> 0.00016663889 | X37: =U37/(U37+J37) -> 0.00049975012 | Y37: =(J37/(K37*(P37-M37-N37))) -> 0.5 | Z37: =(J37/(J37+R37+S37-T37)) -> 0.99983336 | AA37: =Y37*Z37 -> 0.49991668
A38: A2 | B38: Дезодорант EDISON Orange Bergamot мужской | C38: ER-00012399 | D38: =VLOOKUP(C38,Setup!A:F,3,) -> Deodorant EDISON Orange Bergamot for men, 150 ml | E38: =VLOOKUP(C38,Setup!A:F,4,) -> EDISON | F38: =VLOOKUP(C38,Setup!A:F,5,) -> BODY CARE | G38: =VLOOKUP(C38,Setup!A:F,6,) -> Deodorant | H38: DA032 | I38: 12078 | J38: 12120 | K38: 150 | L38: 15 | M38: 15 | P38: 121 | Q38: 1 | R38: 2 | U38: 6 | V38: =Q38/(Q38+J38) -> 8.2501444e-05 | W38: =R38/(R38+J38) -> 0.00016498928 | X38: =U38/(U38+J38) -> 0.00049480455 | Y38: =(J38/(K38*(P38-M38-N38))) -> 0.76226415 | Z38: =(J38/(J38+R38+S38-T38)) -> 0.99983501 | AA38: =Y38*Z38 -> 0.76213839
A39: A2 | B39: Дезодорант EDISON Green Vetiver мужской | C39: ER-00012400 | D39: =VLOOKUP(C39,Setup!A:F,3,) -> Deodorant EDISON Green Vetiver for men, 150 ml | E39: =VLOOKUP(C39,Setup!A:F,4,) -> EDISON | F39: =VLOOKUP(C39,Setup!A:F,5,) -> BODY CARE | G39: =VLOOKUP(C39,Setup!A:F,6,) -> Deodorant | H39: DA031 | I39: 12078 | J39: 11988 | K39: 150 | L39: 15 | M39: 0 | P39: 94 | Q39: 2 | R39: 5 | U39: 6 | V39: =Q39/(Q39+J39) -> 0.00016680567 | W39: =R39/(R39+J39) -> 0.00041690986 | X39: =U39/(U39+J39) -> 0.00050025013 | Y39: =(J39/(K39*(P39-M39-N39))) -> 0.85021277 | Z39: =(J39/(J39+R39+S39-T39)) -> 0.99958309 | AA39: =Y39*Z39 -> 0.8498583
A40: A2 | B40: Дезодорант EDISON Blue Aqua мужской | C40: ER-00012401 | D40: =VLOOKUP(C40,Setup!A:F,3,) -> Deodorant EDISON Blue Aqua for men, 150 ml | E40: =VLOOKUP(C40,Setup!A:F,4,) -> EDISON | F40: =VLOOKUP(C40,Setup!A:F,5,) -> BODY CARE | G40: =VLOOKUP(C40,Setup!A:F,6,) -> Deodorant | H40: DA033 | I40: 12078 | J40: 12024 | K40: 150 | L40: 15 | M40: 0 | P40: 104 | Q40: 2 | R40: 2 | U40: 6 | V40: =Q40/(Q40+J40) -> 0.00016630634 | W40: =R40/(R40+J40) -> 0.00016630634 | X40: =U40/(U40+J40) -> 0.00049875312 | Y40: =(J40/(K40*(P40-M40-N40))) -> 0.77076923 | Z40: =(J40/(J40+R40+S40-T40)) -> 0.99983369 | AA40: =Y40*Z40 -> 0.77064105
A41: A2 | B41: Лак для волос OLIVIA Fitocare Восстановление и Объем сильная фиксация 4 | C41: ER-00012344 | D41: =VLOOKUP(C41,Setup!A:F,3,) -> Hairspray OLIVIA Restoration and Volume strong hold 4, 250 ml, fitocare | E41: =VLOOKUP(C41,Setup!A:F,4,) -> OLIVIA | F41: =VLOOKUP(C41,Setup!A:F,5,) -> HAIR CARE | G41: =VLOOKUP(C41,Setup!A:F,6,) -> Hairspray | H41: UA036 | I41: 10504 | J41: 10476 | K41: 150 | L41: 30 | M41: 15 | P41: 117 | Q41: 15 | R41: 6 | U41: 6 | V41: =Q41/(Q41+J41) -> 0.001429797 | W41: =R41/(R41+J41) -> 0.00057240985 | X41: =U41/(U41+J41) -> 0.00057240985 | Y41: =(J41/(K41*(P41-M41-N41))) -> 0.68470588 | Z41: =(J41/(J41+R41+S41-T41)) -> 0.99942759 | AA41: =Y41*Z41 -> 0.68431395
A42: A2 | B42: Лак для волос OLIVIA Fitocare Супер объем от корней мегафиксация 5 | C42: ER-00012345 | D42: =VLOOKUP(C42,Setup!A:F,3,) -> Hairspray OLIVIA Super volume from roots mega fixation 5, 250 ml, fitocare | E42: =VLOOKUP(C42,Setup!A:F,4,) -> OLIVIA | F42: =VLOOKUP(C42,Setup!A:F,5,) -> HAIR CARE | G42: =VLOOKUP(C42,Setup!A:F,6,) -> Hairspray | H42: UA037 | I42: 13165 | J42: 13140 | K42: 150 | L42: 15 | M42: 0 | P42: 120 | Q42: 14 | R42: 3 | U42: 6 | V42: =Q42/(Q42+J42) -> 0.001064315 | W42: =R42/(R42+J42) -> 0.00022825839 | X42: =U42/(U42+J42) -> 0.0004564126 | Y42: =(J42/(K42*(P42-M42-N42))) -> 0.73 | Z42: =(J42/(J42+R42+S42-T42)) -> 0.99977174 | AA42: =Y42*Z42 -> 0.72983337
A43: A2 | B43: Лак для волос OLIVIA Fitocare Экстра блеск и Стойкость мегафиксация 5 | C43: ER-00012346 | D43: =VLOOKUP(C43,Setup!A:F,3,) -> Hairspray OLIVIA Extra shine and longevity megafix 5, 250 ml, fitocare | E43: =VLOOKUP(C43,Setup!A:F,4,) -> OLIVIA | F43: =VLOOKUP(C43,Setup!A:F,5,) -> HAIR CARE | G43: =VLOOKUP(C43,Setup!A:F,6,) -> Hairspray | H43: UA038 | I43: 8895 | J43: =384+8412 -> 8796 | K43: 150 | L43: 15 | M43: 0 | P43: =30-10+60 -> 80 | Q43: =15+72 -> 87 | R43: 2 | U43: 6 | V43: =Q43/(Q43+J43) -> 0.0097939885 | W43: =R43/(R43+J43) -> 0.00022732439 | X43: =U43/(U43+J43) -> 0.00068166326 | Y43: =(J43/(K43*(P43-M43-N43))) -> 0.733 | Z43: =(J43/(J43+R43+S43-T43)) -> 0.99977268 | AA43: =Y43*Z43 -> 0.73283337
A44: A2 | B44: Пена для бритья 365 дней для чувствительной кожи СЛИВЕР 52*161 | C44: 00-00010441 | D44: =VLOOKUP(C44,Setup!A:F,3,) -> Shaving foam LENTA for sensitive skin, 200 ml, Sl | E44: =VLOOKUP(C44,Setup!A:F,4,) -> 365 DNEY | F44: =VLOOKUP(C44,Setup!A:F,5,) -> BODY CARE | G44: =VLOOKUP(C44,Setup!A:F,6,) -> Shaving foam | H44: BA038 | I44: 2400 | J44: 2472 | K44: 140 | L44: 60 | M44: 0 | P44: 70 | U44: 6 | V44: =Q44/(Q44+J44) -> 0 | W44: =R44/(R44+J44) -> 0 | X44: =U44/(U44+J44) -> 0.0024213075 | Y44: =(J44/(K44*(P44-M44-N44))) -> 0.2522449 | Z44: =(J44/(J44+R44+S44-T44)) -> 1 | AA44: =Y44*Z44 -> 0.2522449
A45: A2 | B45: Пена для бритья SPORT STAR Sensеtive для чувствительной кожи с ментолом 52*161 | C45: 00-00001116 | D45: =VLOOKUP(C45,Setup!A:F,3,) -> Shaving foam SPORT STAR Sensеtive for sensitive skin with menthol, 200 ml | E45: =VLOOKUP(C45,Setup!A:F,4,) -> SPORT STAR | F45: =VLOOKUP(C45,Setup!A:F,5,) -> BODY CARE | G45: =VLOOKUP(C45,Setup!A:F,6,) -> Shaving foam | H45: BA046 | I45: 8600 | J45: 9564 | K45: 140 | L45: 15 | M45: 15 | P45: 100 | Q45: =6+3 -> 9 | R45: 3 | U45: 6 | V45: =Q45/(Q45+J45) -> 0.00094014416 | W45: =R45/(R45+J45) -> 0.00031357792 | X45: =U45/(U45+J45) -> 0.00062695925 | Y45: =(J45/(K45*(P45-M45-N45))) -> 0.80369748 | Z45: =(J45/(J45+R45+S45-T45)) -> 0.99968642 | AA45: =Y45*Z45 -> 0.80344546
A46: A2 | B46: Пена для бритья SPORT STAR Sensеtive для чувствительной кожи с ментолом 52*161 GG | C46: ER-00013408 | D46: =VLOOKUP(C46,Setup!A:F,3,) -> Shaving foam SPORT STAR Sensеtive for sensitive skin with menthol, 200 ml, Gatter group | E46: =VLOOKUP(C46,Setup!A:F,4,) -> SPORT STAR | F46: =VLOOKUP(C46,Setup!A:F,5,) -> BODY CARE | G46: =VLOOKUP(C46,Setup!A:F,6,) -> Shaving foam | H46: BA046 | I46: 2900 | J46: 2884 | K46: 140 | L46: 0 | M46: 0 | P46: 25 | V46: =Q46/(Q46+J46) -> 0 | W46: =R46/(R46+J46) -> 0 | X46: =U46/(U46+J46) -> 0 | Y46: =(J46/(K46*(P46-M46-N46))) -> 0.824 | Z46: =(J46/(J46+R46+S46-T46)) -> 1 | AA46: =Y46*Z46 -> 0.824
A47: A2 | B47: Пена для бритья SPORT STAR Regular для всех типов кожи 52*161 GG | C47: ER-00013409 | D47: =VLOOKUP(C47,Setup!A:F,3,) -> Shaving foam SPORT STAR Regular for all types of skin, 200 ml, Gatter group | E47: =VLOOKUP(C47,Setup!A:F,4,) -> SPORT STAR | F47: =VLOOKUP(C47,Setup!A:F,5,) -> BODY CARE | G47: =VLOOKUP(C47,Setup!A:F,6,) -> Shaving foam | H47: BA050 | I47: 1250 | J47: 1452 | K47: 140 | L47: 15 | M47: 0 | P47: 25 | Q47: 6 | R47: 2 | U47: 4 | V47: =Q47/(Q47+J47) -> 0.0041152263 | W47: =R47/(R47+J47) -> 0.0013755158 | X47: =U47/(U47+J47) -> 0.0027472527 | Y47: =(J47/(K47*(P47-M47-N47))) -> 0.41485714 | Z47: =(J47/(J47+R47+S47-T47)) -> 0.99862448 | AA47: =Y47*Z47 -> 0.4142865
A48: A2 | B48: Пена для бритья BRAVE DAVE для чувствительной кожи мужская 52*161 | C48: ER-00012134 | D48: =VLOOKUP(C48,Setup!A:F,3,) -> Shaving foam BRAVE DAVE for sensitive skin man, 200 ml | E48: =VLOOKUP(C48,Setup!A:F,4,) -> BRAVE DAVE | F48: =VLOOKUP(C48,Setup!A:F,5,) -> BODY CARE | G48: =VLOOKUP(C48,Setup!A:F,6,) -> Shaving foam | H48: BA044 | I48: 500 | J48: 576 | K48: 140 | L48: 15 | M48: 0 | P48: 20 | Q48: 2 | R48: 2 | U48: 4 | V48: =Q48/(Q48+J48) -> 0.0034602076 | W48: =R48/(R48+J48) -> 0.0034602076 | X48: =U48/(U48+J48) -> 0.0068965517 | Y48: =(J48/(K48*(P48-M48-N48))) -> 0.20571429 | Z48: =(J48/(J48+R48+S48-T48)) -> 0.99653979 | AA48: =Y48*Z48 -> 0.20500247
A49: A2 | B49: Пена для бритья BRAVE DAVE с увлажняющим эффектом для всех типов кожи мужская 52*161 | C49: ER-00012137 | D49: =VLOOKUP(C49,Setup!A:F,3,) -> Shaving foam BRAVE DAVE moisturizing effect for all skin types man, 200 ml | E49: =VLOOKUP(C49,Setup!A:F,4,) -> BRAVE DAVE | F49: =VLOOKUP(C49,Setup!A:F,5,) -> BODY CARE | G49: =VLOOKUP(C49,Setup!A:F,6,) -> Shaving foam | H49: BA045 | I49: 450 | J49: 516 | K49: 140 | L49: 15 | M49: 0 | P49: 18 | U49: 4 | V49: =Q49/(Q49+J49) -> 0 | W49: =R49/(R49+J49) -> 0 | X49: =U49/(U49+J49) -> 0.0076923077 | Y49: =(J49/(K49*(P49-M49-N49))) -> 0.2047619 | Z49: =(J49/(J49+R49+S49-T49)) -> 1 | AA49: =Y49*Z49 -> 0.2047619
A50: A2 | B50: Пена для бритья EDISON для всех типов кожи с алоэ вера 52*195 | C50: 00-00010623 | D50: =VLOOKUP(C50,Setup!A:F,3,) -> Shaving foam EDISON all skin types with aloe vera, 300 ml | E50: =VLOOKUP(C50,Setup!A:F,4,) -> EDISON | F50: =VLOOKUP(C50,Setup!A:F,5,) -> BODY CARE | G50: =VLOOKUP(C50,Setup!A:F,6,) -> Shaving foam | H50: BA042 | I50: 20815.5 | J50: =3888+204+16752 -> 20844 | K50: 140 | L50: 15 | M50: =30 -> 30 | N50: =318+40 -> 358 | O50: the controller of the capping machine burned out | P50: =417-10+206 -> 613 | Q50: 6 | R50: 8 | U50: 12 | V50: =Q50/(Q50+J50) -> 0.00028776978 | W50: =R50/(R50+J50) -> 0.00038365624 | X50: =U50/(U50+J50) -> 0.00057537399 | Y50: =(J50/(K50*(P50-M50-N50))) -> 0.66171429 | Z50: =(J50/(J50+R50+S50-T50)) -> 0.99961634 | AA50: =Y50*Z50 -> 0.66146041
A51: A2 | B51: Пена для бритья EDISON для чувствительной с витаминами 52*195 | C51: 00-00010624 | D51: =VLOOKUP(C51,Setup!A:F,3,) -> Shaving foam EDISON for sensitive skin with vitamins, 300 ml | E51: =VLOOKUP(C51,Setup!A:F,4,) -> EDISON | F51: =VLOOKUP(C51,Setup!A:F,5,) -> BODY CARE | G51: =VLOOKUP(C51,Setup!A:F,6,) -> Shaving foam | H51: BA041 | I51: 20815.5 | J51: 22032 | K51: 140 | L51: 15 | M51: 0 | P51: 207 | Q51: 4 | R51: 16 | U51: 6 | V51: =Q51/(Q51+J51) -> 0.00018152115 | W51: =R51/(R51+J51) -> 0.0007256894 | X51: =U51/(U51+J51) -> 0.00027225701 | Y51: =(J51/(K51*(P51-M51-N51))) -> 0.76024845 | Z51: =(J51/(J51+R51+S51-T51)) -> 0.99927431 | AA51: =Y51*Z51 -> 0.75969674
A52: A2 | B52: Лак для волос Professional look Fanfare Экстрасильная фиксация | C52: 00-00010355 | D52: =VLOOKUP(C52,Setup!A:F,3,) -> Hairspray PROFESSIONAL LOOK FANFARE exstrastrong hold, 300 ml | E52: =VLOOKUP(C52,Setup!A:F,4,) -> PROFESSIONAL LOOK FANFARE | F52: =VLOOKUP(C52,Setup!A:F,5,) -> HAIR CARE | G52: =VLOOKUP(C52,Setup!A:F,6,) -> Hairspray | H52: UA034 | I52: 29536 | J52: 29568 | K52: 150 | L52: 120 | M52: 0 | P52: 292 | Q52: 8 | R52: 30 | U52: 6 | V52: =Q52/(Q52+J52) -> 0.00027048959 | W52: =R52/(R52+J52) -> 0.001013582 | X52: =U52/(U52+J52) -> 0.00020288091 | Y52: =(J52/(K52*(P52-M52-N52))) -> 0.67506849 | Z52: =(J52/(J52+R52+S52-T52)) -> 0.99898642 | AA52: =Y52*Z52 -> 0.67438426
A53: A2 | B53: Лак для волос Professional look Fanfare Luxury Уход и фиксация | C53: 00-00008693 | D53: =VLOOKUP(C53,Setup!A:F,3,) -> Hairspray PROFESSIONAL LOOK FANFARE Stroke and fixation, 300 ml | E53: =VLOOKUP(C53,Setup!A:F,4,) -> PROFESSIONAL LOOK FANFARE | F53: =VLOOKUP(C53,Setup!A:F,5,) -> HAIR CARE | G53: =VLOOKUP(C53,Setup!A:F,6,) -> Hairspray | H53: UA035 | I53: 29536 | J53: =1068+28524 -> 29592 | K53: 150 | L53: 15 | M53: 0 | P53: =30-15+245 -> 260 | Q53: 16 | R53: =20+12 -> 32 | U53: 6 | V53: =Q53/(Q53+J53) -> 0.00054039449 | W53: =R53/(R53+J53) -> 0.0010802052 | X53: =U53/(U53+J53) -> 0.0002027164 | Y53: =(J53/(K53*(P53-M53-N53))) -> 0.75876923 | Z53: =(J53/(J53+R53+S53-T53)) -> 0.99891979 | AA53: =Y53*Z53 -> 0.7579496
A54: A2 | B54: Лак для волос OLIVIA Fitocare Мега стойкость и Термо защита сверхсильная фиксация 6 | C54: ER-00012347 | D54: =VLOOKUP(C54,Setup!A:F,3,) -> Hairspray OLIVIA Mega durability and Thermo protection super strong hold 6, 250 ml, fitocare | E54: =VLOOKUP(C54,Setup!A:F,4,) -> OLIVIA | F54: =VLOOKUP(C54,Setup!A:F,5,) -> HAIR CARE | G54: =VLOOKUP(C54,Setup!A:F,6,) -> Hairspray | H54: UA043 | I54: 8784 | J54: 8652 | K54: 150 | L54: 15 | M54: 0 | P54: 87 | Q54: 16 | R54: 3 | U54: 6 | V54: =Q54/(Q54+J54) -> 0.0018458699 | W54: =R54/(R54+J54) -> 0.00034662045 | X54: =U54/(U54+J54) -> 0.00069300069 | Y54: =(J54/(K54*(P54-M54-N54))) -> 0.66298851 | Z54: =(J54/(J54+R54+S54-T54)) -> 0.99965338 | AA54: =Y54*Z54 -> 0.6627587
A55: A2 | B55: Пена для бритья SPORT STAR Sensеtive для чувствительной кожи женская СЛИВЕР | C55: 00-00001118 | D55: =VLOOKUP(C55,Setup!A:F,3,) -> Shaving foam SPORT STAR for sensitive skin women, 200 ml | E55: =VLOOKUP(C55,Setup!A:F,4,) -> SPORT STAR | F55: =VLOOKUP(C55,Setup!A:F,5,) -> BODY CARE | G55: =VLOOKUP(C55,Setup!A:F,6,) -> Shaving foam | H55: BA047 | I55: 13300 | J55: 13656 | K55: 140 | L55: 60 | M55: 0 | P55: 174 | Q55: 3 | R55: 7 | U55: 6 | V55: =Q55/(Q55+J55) -> 0.00021963541 | W55: =R55/(R55+J55) -> 0.00051233258 | X55: =U55/(U55+J55) -> 0.00043917435 | Y55: =(J55/(K55*(P55-M55-N55))) -> 0.56059113 | Z55: =(J55/(J55+R55+S55-T55)) -> 0.99948767 | AA55: =Y55*Z55 -> 0.56030392
A56: A2 | B56: Пена для бритья DIVING CLUB для всех типов кожи кожи 52*195 | C56: ER-00013013 | D56: =VLOOKUP(C56,Setup!A:F,3,) -> Shaving foam DIVING CLUB all skin types,1, 300 ml | E56: =VLOOKUP(C56,Setup!A:F,4,) -> DIVING CLUB | F56: =VLOOKUP(C56,Setup!A:F,5,) -> BODY CARE | G56: =VLOOKUP(C56,Setup!A:F,6,) -> Shaving foam | H56: BA048 | I56: 3600 | J56: 3636 | K56: 140 | L56: 15 | M56: 0 | P56: 65 | Q56: 5 | R56: 6 | U56: 6 | V56: =Q56/(Q56+J56) -> 0.0013732491 | W56: =R56/(R56+J56) -> 0.0016474465 | X56: =U56/(U56+J56) -> 0.0016474465 | Y56: =(J56/(K56*(P56-M56-N56))) -> 0.39956044 | Z56: =(J56/(J56+R56+S56-T56)) -> 0.99835255 | AA56: =Y56*Z56 -> 0.39890219
A57: A2 | B57: Пена для бритья DELIVEA для чувствительной кожи MEN 52*195 | C57: ER-00011870 | D57: =VLOOKUP(C57,Setup!A:F,3,) -> Shaving foam DELIVEA for sensitive skin man, 300 ml | E57: =VLOOKUP(C57,Setup!A:F,4,) -> DELIVEA | F57: =VLOOKUP(C57,Setup!A:F,5,) -> BODY CARE | G57: =VLOOKUP(C57,Setup!A:F,6,) -> Shaving foam | H57: BA039 | I57: 12391 | J57: 12432 | K57: 140 | L57: 15 | M57: 0 | P57: =128-10 -> 118 | Q57: 3 | R57: 5 | U57: 6 | V57: =Q57/(Q57+J57) -> 0.00024125452 | W57: =R57/(R57+J57) -> 0.00040202621 | X57: =U57/(U57+J57) -> 0.00048239267 | Y57: =(J57/(K57*(P57-M57-N57))) -> 0.75254237 | Z57: =(J57/(J57+R57+S57-T57)) -> 0.99959797 | AA57: =Y57*Z57 -> 0.75223983
A58: A2 | B58: Пена для бритья EDISON для всех типов кожи с алоэ вера 52*195 | C58: 00-00010623 | D58: =VLOOKUP(C58,Setup!A:F,3,) -> Shaving foam EDISON all skin types with aloe vera, 300 ml | E58: =VLOOKUP(C58,Setup!A:F,4,) -> EDISON | F58: =VLOOKUP(C58,Setup!A:F,5,) -> BODY CARE | G58: =VLOOKUP(C58,Setup!A:F,6,) -> Shaving foam | H58: BA057 | I58: 27754 | J58: 27804 | K58: 140 | L58: 15 | M58: 0 | P58: 286 | Q58: 3 | R58: 3 | U58: 6 | V58: =Q58/(Q58+J58) -> 0.0001078865 | W58: =R58/(R58+J58) -> 0.0001078865 | X58: =U58/(U58+J58) -> 0.00021574973 | Y58: =(J58/(K58*(P58-M58-N58))) -> 0.69440559 | Z58: =(J58/(J58+R58+S58-T58)) -> 0.99989211 | AA58: =Y58*Z58 -> 0.69433068
A59: A2 | B59: Пена для бритья EDISON для чувствительной с витаминами 52*195 | C59: 00-00010624 | D59: =VLOOKUP(C59,Setup!A:F,3,) -> Shaving foam EDISON for sensitive skin with vitamins, 300 ml | E59: =VLOOKUP(C59,Setup!A:F,4,) -> EDISON | F59: =VLOOKUP(C59,Setup!A:F,5,) -> BODY CARE | G59: =VLOOKUP(C59,Setup!A:F,6,) -> Shaving foam | H59: BA058 | I59: 27754 | J59: 27012 | K59: 140 | L59: 15 | M59: 0 | P59: 260 | Q59: 6 | R59: 16 | U59: 6 | V59: =Q59/(Q59+J59) -> 0.00022207417 | W59: =R59/(R59+J59) -> 0.00059197869 | X59: =U59/(U59+J59) -> 0.00022207417 | Y59: =(J59/(K59*(P59-M59-N59))) -> 0.74208791 | Z59: =(J59/(J59+R59+S59-T59)) -> 0.99940802 | AA59: =Y59*Z59 -> 0.74164861
A60: A2 | B60: Дезодорант-спрей МОЯ ЦЕНА женский 45*140 | C60: ER-00011917 | D60: =VLOOKUP(C60,Setup!A:F,3,) -> Body deodorant My price for women, 150 ml | E60: =VLOOKUP(C60,Setup!A:F,4,) -> MOYA TSENA | F60: =VLOOKUP(C60,Setup!A:F,5,) -> BODY CARE | G60: =VLOOKUP(C60,Setup!A:F,6,) -> Deodorant | H60: DA038 | I60: 586 | J60: 622 | K60: 150 | L60: 0 | M60: 0 | P60: 19 | R60: 2 | V60: =Q60/(Q60+J60) -> 0 | W60: =R60/(R60+J60) -> 0.0032051282 | X60: =U60/(U60+J60) -> 0 | Y60: =(J60/(K60*(P60-M60-N60))) -> 0.21824561 | Z60: =(J60/(J60+R60+S60-T60)) -> 0.99679487 | AA60: =Y60*Z60 -> 0.21754611
A61: A2 | B61: Лак для волос PROFESSIONAL TOUCH Pro vitamin B5 Silk Protein экстрасильной фиксации GG | C61: ER-00013406 | D61: =VLOOKUP(C61,Setup!A:F,3,) -> Hairspray PROFESSIONAL TOUCH Pro vitamin B5 Silk Protein extra strong hold, 265 ml, Gatter group | E61: =VLOOKUP(C61,Setup!A:F,4,) -> PROFESSIONAL TOUCH | F61: =VLOOKUP(C61,Setup!A:F,5,) -> HAIR CARE | G61: =VLOOKUP(C61,Setup!A:F,6,) -> Hairspray | H61: UA040 | I61: 1300 | J61: 1308 | K61: 150 | L61: 120 | M61: 0 | P61: 118 | Q61: =4 -> 4 | R61: =5 -> 5 | U61: =6 -> 6 | V61: =Q61/(Q61+J61) -> 0.0030487805 | W61: =R61/(R61+J61) -> 0.0038080731 | X61: =U61/(U61+J61) -> 0.00456621 | Y61: =(J61/(K61*(P61-M61-N61))) -> 0.073898305 | Z61: =(J61/(J61+R61+S61-T61)) -> 0.99619193 | AA61: =Y61*Z61 -> 0.073616895
A62: A2 | B62: Лак для волос PROFESSIONAL TOUCH Pro vitamin B5 Silk Protein экстрасильной фиксации | C62: 00-00001654 | D62: =VLOOKUP(C62,Setup!A:F,3,) -> Hairspray PROFESSIONAL TOUCH Pro vitamin B5 Silk Protein extra strong hold, 265 ml | E62: =VLOOKUP(C62,Setup!A:F,4,) -> PROFESSIONAL TOUCH | F62: =VLOOKUP(C62,Setup!A:F,5,) -> HAIR CARE | G62: =VLOOKUP(C62,Setup!A:F,6,) -> Hairspray | H62: UA040 | I62: 13340 | J62: 13320 | K62: 150 | L62: 0 | M62: 0 | P62: 100 | R62: 3 | V62: =Q62/(Q62+J62) -> 0 | W62: =R62/(R62+J62) -> 0.00022517451 | X62: =U62/(U62+J62) -> 0 | Y62: =(J62/(K62*(P62-M62-N62))) -> 0.888 | Z62: =(J62/(J62+R62+S62-T62)) -> 0.99977483 | AA62: =Y62*Z62 -> 0.88780005
A63: A2 | B63: Лак для волос PROFESSIONAL TOUCH Pro vitamin B5 Multi Vitamins экстрасильной фиксации | C63: 00-00001655 | D63: =VLOOKUP(C63,Setup!A:F,3,) -> Hairspray PROFESSIONAL TOUCH Pro vitamin B5 Multi Vitamins extra strong hold, 265 ml | E63: =VLOOKUP(C63,Setup!A:F,4,) -> PROFESSIONAL TOUCH | F63: =VLOOKUP(C63,Setup!A:F,5,) -> HAIR CARE | G63: =VLOOKUP(C63,Setup!A:F,6,) -> Hairspray | H63: UA042 | I63: 6588 | J63: 6576 | K63: 150 | L63: 15 | M63: 0 | P63: 67 | Q63: 3 | R63: 3 | U63: 6 | V63: =Q63/(Q63+J63) -> 0.00045599635 | W63: =R63/(R63+J63) -> 0.00045599635 | X63: =U63/(U63+J63) -> 0.00091157703 | Y63: =(J63/(K63*(P63-M63-N63))) -> 0.65432836 | Z63: =(J63/(J63+R63+S63-T63)) -> 0.999544 | AA63: =Y63*Z63 -> 0.65402999
A64: A2 | B64: Лак для волос PROFESSIONAL TOUCH Pro-vitamin B5&Keratin Complex экстрасильная фиксация | C64: ER-00011898 | D64: =VLOOKUP(C64,Setup!A:F,3,) -> Hairspray PROFESSIONAL TOUCH Pro vitamin B5 B5&Keratin Complex extrastrong hold, 265 ml | E64: =VLOOKUP(C64,Setup!A:F,4,) -> PROFESSIONAL TOUCH | F64: =VLOOKUP(C64,Setup!A:F,5,) -> HAIR CARE | G64: =VLOOKUP(C64,Setup!A:F,6,) -> Hairspray | H64: UA033 | I64: 9322 | J64: 9312 | K64: 150 | L64: 15 | M64: 0 | P64: 81 | Q64: 10 | R64: 4 | U64: 6 | V64: =Q64/(Q64+J64) -> 0.0010727312 | W64: =R64/(R64+J64) -> 0.00042936883 | X64: =U64/(U64+J64) -> 0.000643915 | Y64: =(J64/(K64*(P64-M64-N64))) -> 0.76641975 | Z64: =(J64/(J64+R64+S64-T64)) -> 0.99957063 | AA64: =Y64*Z64 -> 0.76609068
A65: A2 | B65: Дезодорант SS Outpace мужской НД | C65: ER-00013765 | D65: =VLOOKUP(C65,Setup!A:F,3,) -> Deodorant SPORT STAR Outpace man, 175 ml, F | E65: =VLOOKUP(C65,Setup!A:F,4,) -> SPORT STAR | F65: =VLOOKUP(C65,Setup!A:F,5,) -> BODY CARE | G65: =VLOOKUP(C65,Setup!A:F,6,) -> Deodorant | H65: DA046 | I65: 16000 | J65: 15684 | K65: 150 | L65: 50 | M65: 0 | P65: 254 | Q65: 5 | R65: 10 | U65: =8+4 -> 12 | V65: =Q65/(Q65+J65) -> 0.00031869463 | W65: =R65/(R65+J65) -> 0.00063718619 | X65: =U65/(U65+J65) -> 0.00076452599 | Y65: =(J65/(K65*(P65-M65-N65))) -> 0.41165354 | Z65: =(J65/(J65+R65+S65-T65)) -> 0.99936281 | AA65: =Y65*Z65 -> 0.41139124
A66: A2 | B66: Дезодорант SS Ultra мужской НД | C66: ER-00013766 | D66: =VLOOKUP(C66,Setup!A:F,3,) -> Deodorant SPORT STAR Ultra man, 175 ml, F | E66: =VLOOKUP(C66,Setup!A:F,4,) -> SPORT STAR | F66: =VLOOKUP(C66,Setup!A:F,5,) -> BODY CARE | G66: =VLOOKUP(C66,Setup!A:F,6,) -> Deodorant | H66: DA047 | I66: 13000 | J66: 13368 | K66: 150 | L66: 15 | M66: 15 | P66: 183 | Q66: 4 | R66: 20 | U66: 12 | V66: =Q66/(Q66+J66) -> 0.00029913252 | W66: =R66/(R66+J66) -> 0.0014938751 | X66: =U66/(U66+J66) -> 0.00089686099 | Y66: =(J66/(K66*(P66-M66-N66))) -> 0.53047619 | Z66: =(J66/(J66+R66+S66-T66)) -> 0.99850612 | AA66: =Y66*Z66 -> 0.52968373
A67: A2 | B67: Дезодорант SS Ice blue мужской НД | C67: ER-00013566 | D67: =VLOOKUP(C67,Setup!A:F,3,) -> Deodorant SPORT STAR Ice blue for men, 175 ml, F | E67: =VLOOKUP(C67,Setup!A:F,4,) -> SPORT STAR | F67: =VLOOKUP(C67,Setup!A:F,5,) -> BODY CARE | G67: =VLOOKUP(C67,Setup!A:F,6,) -> Deodorant | H67: DA050 | I67: 18000 | J67: 18024 | K67: 150 | L67: 15 | M67: 0 | N67: 95 | O67: warming up a gas mashine in cold weather | P67: 308 | Q67: =3+6 -> 9 | R67: =7+4 -> 11 | U67: 6 | V67: =Q67/(Q67+J67) -> 0.00049908501 | W67: =R67/(R67+J67) -> 0.00060992515 | X67: =U67/(U67+J67) -> 0.0003327787 | Y67: =(J67/(K67*(P67-M67-N67))) -> 0.56413146 | Z67: =(J67/(J67+R67+S67-T67)) -> 0.99939007 | AA67: =Y67*Z67 -> 0.56378738
A68: A2 | B68: Пена для бритья EDISON для всех типов кожи с алоэ вера 52*195 | C68: 00-00010623 | D68: =VLOOKUP(C68,Setup!A:F,3,) -> Shaving foam EDISON all skin types with aloe vera, 300 ml | E68: =VLOOKUP(C68,Setup!A:F,4,) -> EDISON | F68: =VLOOKUP(C68,Setup!A:F,5,) -> BODY CARE | G68: =VLOOKUP(C68,Setup!A:F,6,) -> Shaving foam | H68: BA052 | I68: 13877 | J68: 13884 | K68: 140 | L68: 80 | M68: 0 | P68: 180 | Q68: 8 | R68: 11 | U68: 6 | V68: =Q68/(Q68+J68) -> 0.000575871 | W68: =R68/(R68+J68) -> 0.00079165167 | X68: =U68/(U68+J68) -> 0.00043196544 | Y68: =(J68/(K68*(P68-M68-N68))) -> 0.55095238 | Z68: =(J68/(J68+R68+S68-T68)) -> 0.99920835 | AA68: =Y68*Z68 -> 0.55051622
A69: A2 | B69: Пена для бритья EDISON для чувствительной с витаминами 52*195 | C69: 00-00010624 | D69: =VLOOKUP(C69,Setup!A:F,3,) -> Shaving foam EDISON for sensitive skin with vitamins, 300 ml | E69: =VLOOKUP(C69,Setup!A:F,4,) -> EDISON | F69: =VLOOKUP(C69,Setup!A:F,5,) -> BODY CARE | G69: =VLOOKUP(C69,Setup!A:F,6,) -> Shaving foam | H69: BA053 | I69: 13877 | J69: 13896 | K69: 140 | L69: 15 | M69: 0 | P69: 160 | Q69: =15+3 -> 18 | R69: 20 | U69: 6 | V69: =Q69/(Q69+J69) -> 0.0012936611 | W69: =R69/(R69+J69) -> 0.0014371946 | X69: =U69/(U69+J69) -> 0.00043159258 | Y69: =(J69/(K69*(P69-M69-N69))) -> 0.62035714 | Z69: =(J69/(J69+R69+S69-T69)) -> 0.99856281 | AA69: =Y69*Z69 -> 0.61946557
A70: A2 | B70: Пена для бритья DELIVEA для чувствительной кожи MEN 52*195 | C70: ER-00011870 | D70: =VLOOKUP(C70,Setup!A:F,3,) -> Shaving foam DELIVEA for sensitive skin man, 300 ml | E70: =VLOOKUP(C70,Setup!A:F,4,) -> DELIVEA | F70: =VLOOKUP(C70,Setup!A:F,5,) -> BODY CARE | G70: =VLOOKUP(C70,Setup!A:F,6,) -> Shaving foam | H70: BA054 | I70: 24782 | J70: 24864 | K70: 140 | L70: 15 | M70: 0 | P70: 294 | Q70: =2+1 -> 3 | R70: =7+8 -> 15 | U70: 6 | V70: =Q70/(Q70+J70) -> 0.00012064181 | W70: =R70/(R70+J70) -> 0.00060291812 | X70: =U70/(U70+J70) -> 0.00024125452 | Y70: =(J70/(K70*(P70-M70-N70))) -> 0.60408163 | Z70: =(J70/(J70+R70+S70-T70)) -> 0.99939708 | AA70: =Y70*Z70 -> 0.60371742
A71: A2 | B71: Пена для бритья Endeavor для чувствительной кожи 52*161 | C71: 00-00011017 | D71: =VLOOKUP(C71,Setup!A:F,3,) -> Shaving foam ENDEAVOR Sensitive for sensitive skin, 200 ml | E71: =VLOOKUP(C71,Setup!A:F,4,) -> ENDEAVOR | F71: =VLOOKUP(C71,Setup!A:F,5,) -> BODY CARE | G71: =VLOOKUP(C71,Setup!A:F,6,) -> Shaving foam | H71: BA040 | I71: 16798 | J71: 17544 | K71: 140 | L71: 15 | M71: 0 | P71: 187 | Q71: 3 | R71: 4 | U71: 12 | V71: =Q71/(Q71+J71) -> 0.0001709694 | W71: =R71/(R71+J71) -> 0.0002279462 | X71: =U71/(U71+J71) -> 0.000683527 | Y71: =(J71/(K71*(P71-M71-N71))) -> 0.67012987 | Z71: =(J71/(J71+R71+S71-T71)) -> 0.99977205 | AA71: =Y71*Z71 -> 0.66997712
A72: A2 | B72: Лак для волос КРАСНАЯ ЦЕНА сверхсильной фиксации 45*178 | C72: ER-00011544 | D72: =VLOOKUP(C72,Setup!A:F,3,) -> Hairspray KRASNAYA TSENA superstrong hold, 200 ml | E72: =VLOOKUP(C72,Setup!A:F,4,) -> KRASNAYA TSENA | F72: =VLOOKUP(C72,Setup!A:F,5,) -> HAIR CARE | G72: =VLOOKUP(C72,Setup!A:F,6,) -> Hairspray | H72: UA039 | I72: 58589 | J72: 58092 | K72: 150 | L72: 120 | M72: 0 | P72: 609 | Q72: =6+3 -> 9 | R72: =22+15 -> 37 | U72: 6 | V72: =Q72/(Q72+J72) -> 0.00015490267 | W72: =R72/(R72+J72) -> 0.00063651534 | X72: =U72/(U72+J72) -> 0.00010327378 | Y72: =(J72/(K72*(P72-M72-N72))) -> 0.63592775 | Z72: =(J72/(J72+R72+S72-T72)) -> 0.99936348 | AA72: =Y72*Z72 -> 0.63552297
A73: A2 | B73: Антистатик VERTI Velon 45*178 | C73: ER-00013428 | D73: =VLOOKUP(C73,Setup!A:F,3,) -> Antistatic Verti VELON, 200 ml | E73: =VLOOKUP(C73,Setup!A:F,4,) -> VELON | F73: =VLOOKUP(C73,Setup!A:F,5,) -> ANISTATIC | G73: =VLOOKUP(C73,Setup!A:F,6,) -> Antistatic | H73: AA005 | I73: 40000 | J73: 40464 | K73: 150 | L73: 15 | M73: 0 | N73: 40 | O73: the initial defective cans were removed from the line | P73: 365 | Q73: =38+63 -> 101 | R73: 23 | U73: 6 | V73: =Q73/(Q73+J73) -> 0.0024898311 | W73: =R73/(R73+J73) -> 0.00056808358 | X73: =U73/(U73+J73) -> 0.00014825797 | Y73: =(J73/(K73*(P73-M73-N73))) -> 0.83003077 | Z73: =(J73/(J73+R73+S73-T73)) -> 0.99943192 | AA73: =Y73*Z73 -> 0.82955924
A74: A2 | B74: Дезодорант-спрей МОЯ ЦЕНА мужской 45*140 | C74: ER-00011918 | D74: =VLOOKUP(C74,Setup!A:F,3,) -> Body deodorant My price for men, 150 ml | E74: =VLOOKUP(C74,Setup!A:F,4,) -> MOYA TSENA | F74: =VLOOKUP(C74,Setup!A:F,5,) -> BODY CARE | G74: =VLOOKUP(C74,Setup!A:F,6,) -> Deodorant | H74: DA039 | I74: 4800 | J74: 4920 | K74: 150 | L74: 15 | M74: 15 | P74: 80 | Q74: =58+27 -> 85 | R74: 4 | U74: 6 | V74: =Q74/(Q74+J74) -> 0.016983017 | W74: =R74/(R74+J74) -> 0.00081234768 | X74: =U74/(U74+J74) -> 0.0012180268 | Y74: =(J74/(K74*(P74-M74-N74))) -> 0.50461538 | Z74: =(J74/(J74+R74+S74-T74)) -> 0.99918765 | AA74: =Y74*Z74 -> 0.50420546
A75: A2 | B75: Дезодорант-спрей МОЯ ЦЕНА женский 45*140 | C75: ER-00011917 | D75: =VLOOKUP(C75,Setup!A:F,3,) -> Body deodorant My price for women, 150 ml | E75: =VLOOKUP(C75,Setup!A:F,4,) -> MOYA TSENA | F75: =VLOOKUP(C75,Setup!A:F,5,) -> BODY CARE | G75: =VLOOKUP(C75,Setup!A:F,6,) -> Deodorant | H75: DA049 | I75: 4200 | J75: 4404 | K75: 150 | L75: 15 | M75: 0 | P75: 46 | Q75: 20 | R75: 4 | U75: 6 | V75: =Q75/(Q75+J75) -> 0.0045207957 | W75: =R75/(R75+J75) -> 0.00090744102 | X75: =U75/(U75+J75) -> 0.0013605442 | Y75: =(J75/(K75*(P75-M75-N75))) -> 0.63826087 | Z75: =(J75/(J75+R75+S75-T75)) -> 0.99909256 | AA75: =Y75*Z75 -> 0.63768169
A76: A2 | B76: Дезодорант BIG D для обуви 45*140 | C76: 00-00001054 | D76: =VLOOKUP(C76,Setup!A:F,3,) -> Deodorant for shoes BIG D, 150 ml | E76: =VLOOKUP(C76,Setup!A:F,4,) -> BIG D | F76: =VLOOKUP(C76,Setup!A:F,5,) -> SHOE AND CLOTHING CARE | G76: =VLOOKUP(C76,Setup!A:F,6,) -> Shoe deodorant | H76: DA035 | I76: 6200 | J76: 6636 | K76: 150 | L76: 15 | M76: 0 | P76: 67 | Q76: =2+4 -> 6 | R76: 4 | U76: 6 | V76: =Q76/(Q76+J76) -> 0.00090334237 | W76: =R76/(R76+J76) -> 0.00060240964 | X76: =U76/(U76+J76) -> 0.00090334237 | Y76: =(J76/(K76*(P76-M76-N76))) -> 0.66029851 | Z76: =(J76/(J76+R76+S76-T76)) -> 0.99939759 | AA76: =Y76*Z76 -> 0.65990074
A77: A2 | B77: Дезодорант BIG D для обуви с ароматом мяты антибактериальный 45*140 | C77: ER-00012319 | D77: =VLOOKUP(C77,Setup!A:F,3,) -> Deodorant for shoes BIG D, 150 ml | E77: =VLOOKUP(C77,Setup!A:F,4,) -> BIG D | F77: =VLOOKUP(C77,Setup!A:F,5,) -> SHOE AND CLOTHING CARE | G77: =VLOOKUP(C77,Setup!A:F,6,) -> Shoe deodorant | H77: DA037 | I77: 6700 | J77: 6708 | K77: 150 | L77: 15 | M77: 0 | P77: 68 | Q77: 2 | R77: 2 | U77: 6 | V77: =Q77/(Q77+J77) -> 0.00029806259 | W77: =R77/(R77+J77) -> 0.00029806259 | X77: =U77/(U77+J77) -> 0.00089365505 | Y77: =(J77/(K77*(P77-M77-N77))) -> 0.65764706 | Z77: =(J77/(J77+R77+S77-T77)) -> 0.99970194 | AA77: =Y77*Z77 -> 0.65745104
A78: A2 | B78: Лак для волос Professional look Fanfare Экстрасильная фиксация | C78: 00-00010355 | D78: =VLOOKUP(C78,Setup!A:F,3,) -> Hairspray PROFESSIONAL LOOK FANFARE exstrastrong hold, 300 ml | E78: =VLOOKUP(C78,Setup!A:F,4,) -> PROFESSIONAL LOOK FANFARE | F78: =VLOOKUP(C78,Setup!A:F,5,) -> HAIR CARE | G78: =VLOOKUP(C78,Setup!A:F,6,) -> Hairspray | H78: UA045 | I78: 29536 | J78: 30012 | K78: 150 | L78: 120 | M78: 30 | P78: 364 | Q78: 10 | R78: 5 | U78: 6 | V78: =Q78/(Q78+J78) -> 0.00033308907 | W78: =R78/(R78+J78) -> 0.00016657228 | X78: =U78/(U78+J78) -> 0.00019988007 | Y78: =(J78/(K78*(P78-M78-N78))) -> 0.59904192 | Z78: =(J78/(J78+R78+S78-T78)) -> 0.99983343 | AA78: =Y78*Z78 -> 0.59894213
A79: A2 | B79: Лак для волос Professional look Fanfare Luxury Уход и фиксация | C79: 00-00008693 | D79: =VLOOKUP(C79,Setup!A:F,3,) -> Hairspray PROFESSIONAL LOOK FANFARE Stroke and fixation, 300 ml | E79: =VLOOKUP(C79,Setup!A:F,4,) -> PROFESSIONAL LOOK FANFARE | F79: =VLOOKUP(C79,Setup!A:F,5,) -> HAIR CARE | G79: =VLOOKUP(C79,Setup!A:F,6,) -> Hairspray | H79: UA046 | I79: 29536 | J79: 27624 | K79: 150 | L79: 15 | M79: 15 | P79: 239 | Q79: 13 | R79: 13 | U79: 6 | V79: =Q79/(Q79+J79) -> 0.00047038391 | W79: =R79/(R79+J79) -> 0.00047038391 | X79: =U79/(U79+J79) -> 0.00021715527 | Y79: =(J79/(K79*(P79-M79-N79))) -> 0.82214286 | Z79: =(J79/(J79+R79+S79-T79)) -> 0.99952962 | AA79: =Y79*Z79 -> 0.82175613
A80: A2 | B80: Пена для бритья EDISON для всех типов кожи с алоэ вера 52*195 | C80: 00-00010623 | D80: =VLOOKUP(C80,Setup!A:F,3,) -> Shaving foam EDISON all skin types with aloe vera, 300 ml | E80: =VLOOKUP(C80,Setup!A:F,4,) -> EDISON | F80: =VLOOKUP(C80,Setup!A:F,5,) -> BODY CARE | G80: =VLOOKUP(C80,Setup!A:F,6,) -> Shaving foam | H80: BA059 | I80: 8418 | J80: 8400 | K80: 140 | L80: 60 | M80: 0 | P80: 116 | Q80: 4 | R80: 5 | U80: 6 | V80: =Q80/(Q80+J80) -> 0.00047596383 | W80: =R80/(R80+J80) -> 0.000594884 | X80: =U80/(U80+J80) -> 0.00071377587 | Y80: =(J80/(K80*(P80-M80-N80))) -> 0.51724138 | Z80: =(J80/(J80+R80+S80-T80)) -> 0.99940512 | AA80: =Y80*Z80 -> 0.51693368
A81: A2 | B81: Пена для бритья EDISON для чувствительной с витаминами 52*195 | C81: 00-00010624 | D81: =VLOOKUP(C81,Setup!A:F,3,) -> Shaving foam EDISON for sensitive skin with vitamins, 300 ml | E81: =VLOOKUP(C81,Setup!A:F,4,) -> EDISON | F81: =VLOOKUP(C81,Setup!A:F,5,) -> BODY CARE | G81: =VLOOKUP(C81,Setup!A:F,6,) -> Shaving foam | H81: BA060 | I81: 13631 | J81: 13608 | K81: 140 | L81: 15 | M81: 0 | P81: 170 | Q81: 5 | R81: 10 | U81: 6 | V81: =Q81/(Q81+J81) -> 0.00036729597 | W81: =R81/(R81+J81) -> 0.00073432222 | X81: =U81/(U81+J81) -> 0.00044072279 | Y81: =(J81/(K81*(P81-M81-N81))) -> 0.57176471 | Z81: =(J81/(J81+R81+S81-T81)) -> 0.99926568 | AA81: =Y81*Z81 -> 0.57134485
A82: A2 | B82: Пена для бритья DELIVEA для чувствительной кожи MEN 52*195 | C82: ER-00011870 | D82: =VLOOKUP(C82,Setup!A:F,3,) -> Shaving foam DELIVEA for sensitive skin man, 300 ml | E82: =VLOOKUP(C82,Setup!A:F,4,) -> DELIVEA | F82: =VLOOKUP(C82,Setup!A:F,5,) -> BODY CARE | G82: =VLOOKUP(C82,Setup!A:F,6,) -> Shaving foam | H82: BA061 | I82: =24782-8717 -> 16065 | J82: 16065 | K82: 140 | L82: 15 | M82: 0 | P82: 135 | Q82: 13 | R82: 10 | U82: 6 | V82: =Q82/(Q82+J82) -> 0.00080855828 | W82: =R82/(R82+J82) -> 0.00062208398 | X82: =U82/(U82+J82) -> 0.00037334329 | Y82: =(J82/(K82*(P82-M82-N82))) -> 0.85 | Z82: =(J82/(J82+R82+S82-T82)) -> 0.99937792 | AA82: =Y82*Z82 -> 0.84947123
A83: A2 | B83: Дезодорант SS Ice blue мужской СД СЛИВЕР 52*120 | C83: ER-00013231 | D83: =VLOOKUP(C83,Setup!A:F,3,) -> Deodorant SPORT STAR Ice blue man, 175 ml | E83: =VLOOKUP(C83,Setup!A:F,4,) -> SPORT STAR | F83: =VLOOKUP(C83,Setup!A:F,5,) -> BODY CARE | G83: =VLOOKUP(C83,Setup!A:F,6,) -> Deodorant | H83: DA051 | I83: 31816 | J83: 31416 | K83: 150 | L83: 120 | M83: 0 | P83: 320 | Q83: 36 | R83: 7 | U83: 6 | V83: =Q83/(Q83+J83) -> 0.0011446013 | W83: =R83/(R83+J83) -> 0.00022276676 | X83: =U83/(U83+J83) -> 0.00019094902 | Y83: =(J83/(K83*(P83-M83-N83))) -> 0.6545 | Z83: =(J83/(J83+R83+S83-T83)) -> 0.99977723 | AA83: =Y83*Z83 -> 0.6543542
A84: A2 | B84: Дезодорант мужской Древесно-цитрусовый Красная цена СЛИВЕР 52*120 | C84: ER-00012752 | D84: =VLOOKUP(C84,Setup!A:F,3,) -> Deodorant KRASNAYA TSENA Woody-Citrus man, 150 ml | E84: =VLOOKUP(C84,Setup!A:F,4,) -> KRASNAYA TSENA | F84: =VLOOKUP(C84,Setup!A:F,5,) -> BODY CARE | G84: =VLOOKUP(C84,Setup!A:F,6,) -> Deodorant | H84: DA048 | I84: 16000 | J84: =900+15336 -> 16236 | K84: 150 | L84: 15 | M84: 0 | P84: =25+117 -> 142 | R84: 2 | U84: 6 | V84: =Q84/(Q84+J84) -> 0 | W84: =R84/(R84+J84) -> 0.00012316788 | X84: =U84/(U84+J84) -> 0.00036941263 | Y84: =(J84/(K84*(P84-M84-N84))) -> 0.76225352 | Z84: =(J84/(J84+R84+S84-T84)) -> 0.99987683 | AA84: =Y84*Z84 -> 0.76215964
A85: A2 | B85: Дезодорант EDISON Golden Amber мужской | C85: ER-00012398 | D85: =VLOOKUP(C85,Setup!A:F,3,) -> Deodorant EDISON Golden Amber for men, 150 ml | E85: =VLOOKUP(C85,Setup!A:F,4,) -> EDISON | F85: =VLOOKUP(C85,Setup!A:F,5,) -> BODY CARE | G85: =VLOOKUP(C85,Setup!A:F,6,) -> Deodorant | H85: DA042 | I85: 17556 | J85: 17532 | K85: 150 | L85: 15 | M85: 0 | P85: 158 | Q85: 12 | R85: 4 | U85: 6 | V85: =Q85/(Q85+J85) -> 0.00068399453 | W85: =R85/(R85+J85) -> 0.00022810219 | X85: =U85/(U85+J85) -> 0.00034211427 | Y85: =(J85/(K85*(P85-M85-N85))) -> 0.73974684 | Z85: =(J85/(J85+R85+S85-T85)) -> 0.9997719 | AA85: =Y85*Z85 -> 0.7395781
A86: A2 | B86: Дезодорант EDISON Orange Bergamot мужской | C86: ER-00012399 | D86: =VLOOKUP(C86,Setup!A:F,3,) -> Deodorant EDISON Orange Bergamot for men, 150 ml | E86: =VLOOKUP(C86,Setup!A:F,4,) -> EDISON | F86: =VLOOKUP(C86,Setup!A:F,5,) -> BODY CARE | G86: =VLOOKUP(C86,Setup!A:F,6,) -> Deodorant | H86: DA043 | I86: 17995 | J86: 18000 | K86: 150 | L86: 15 | M86: 0 | P86: 158 | Q86: 2 | R86: 3 | U86: 6 | V86: =Q86/(Q86+J86) -> 0.00011109877 | W86: =R86/(R86+J86) -> 0.00016663889 | X86: =U86/(U86+J86) -> 0.00033322226 | Y86: =(J86/(K86*(P86-M86-N86))) -> 0.75949367 | Z86: =(J86/(J86+R86+S86-T86)) -> 0.99983336 | AA86: =Y86*Z86 -> 0.75936711
A87: A2 | B87: Дезодорант EDISON Green Vetiver мужской | C87: ER-00012400 | D87: =VLOOKUP(C87,Setup!A:F,3,) -> Deodorant EDISON Green Vetiver for men, 150 ml | E87: =VLOOKUP(C87,Setup!A:F,4,) -> EDISON | F87: =VLOOKUP(C87,Setup!A:F,5,) -> BODY CARE | G87: =VLOOKUP(C87,Setup!A:F,6,) -> Deodorant | H87: DA044 | I87: 17556 | J87: 17544 | K87: 150 | L87: 15 | M87: 0 | P87: 142 | Q87: 4 | R87: 2 | U87: 6 | V87: =Q87/(Q87+J87) -> 0.0002279462 | W87: =R87/(R87+J87) -> 0.00011398609 | X87: =U87/(U87+J87) -> 0.00034188034 | Y87: =(J87/(K87*(P87-M87-N87))) -> 0.82366197 | Z87: =(J87/(J87+R87+S87-T87)) -> 0.99988601 | AA87: =Y87*Z87 -> 0.82356809
A88: A2 | B88: Дезодорант EDISON Blue Aqua мужской | C88: ER-00012401 | D88: =VLOOKUP(C88,Setup!A:F,3,) -> Deodorant EDISON Blue Aqua for men, 150 ml | E88: =VLOOKUP(C88,Setup!A:F,4,) -> EDISON | F88: =VLOOKUP(C88,Setup!A:F,5,) -> BODY CARE | G88: =VLOOKUP(C88,Setup!A:F,6,) -> Deodorant | H88: DA045 | I88: 17353 | J88: 17304 | K88: 150 | L88: 15 | M88: 0 | P88: =160-10+5 -> 155 | Q88: =4+11 -> 15 | R88: 2 | U88: 6 | V88: =Q88/(Q88+J88) -> 0.00086610081 | W88: =R88/(R88+J88) -> 0.00011556686 | X88: =U88/(U88+J88) -> 0.00034662045 | Y88: =(J88/(K88*(P88-M88-N88))) -> 0.74425806 | Z88: =(J88/(J88+R88+S88-T88)) -> 0.99988443 | AA88: =Y88*Z88 -> 0.74417205
A89: A2 | B89: Лак для волос Professional look Fanfare Экстрасильная фиксация | C89: 00-00010355 | D89: =VLOOKUP(C89,Setup!A:F,3,) -> Hairspray PROFESSIONAL LOOK FANFARE exstrastrong hold, 300 ml | E89: =VLOOKUP(C89,Setup!A:F,4,) -> PROFESSIONAL LOOK FANFARE | F89: =VLOOKUP(C89,Setup!A:F,5,) -> HAIR CARE | G89: =VLOOKUP(C89,Setup!A:F,6,) -> Hairspray | H89: UA047 | I89: 29536 | J89: 31392 | K89: 150 | L89: 30 | M89: 15 | P89: 280 | Q89: 10 | R89: 1 | U89: 6 | V89: =Q89/(Q89+J89) -> 0.00031845105 | W89: =R89/(R89+J89) -> 3.1854235e-05 | X89: =U89/(U89+J89) -> 0.00019109497 | Y89: =(J89/(K89*(P89-M89-N89))) -> 0.78973585 | Z89: =(J89/(J89+R89+S89-T89)) -> 0.99996815 | AA89: =Y89*Z89 -> 0.78971069
A90: A2 | B90: Лак для волос Professional look Fanfare Luxury Уход и фиксация | C90: 00-00008693 | D90: =VLOOKUP(C90,Setup!A:F,3,) -> Hairspray PROFESSIONAL LOOK FANFARE Stroke and fixation, 300 ml | E90: =VLOOKUP(C90,Setup!A:F,4,) -> PROFESSIONAL LOOK FANFARE | F90: =VLOOKUP(C90,Setup!A:F,5,) -> HAIR CARE | G90: =VLOOKUP(C90,Setup!A:F,6,) -> Hairspray | H90: UA048 | I90: 29536 | J90: 27216 | K90: 150 | L90: 15 | M90: =45 -> 45 | P90: 260 | Q90: =2+8 -> 10 | R90: 7 | U90: 6 | V90: =Q90/(Q90+J90) -> 0.00036729597 | W90: =R90/(R90+J90) -> 0.00025713551 | X90: =U90/(U90+J90) -> 0.00022040996 | Y90: =(J90/(K90*(P90-M90-N90))) -> 0.84390698 | Z90: =(J90/(J90+R90+S90-T90)) -> 0.99974286 | AA90: =Y90*Z90 -> 0.84368998
A91: A2 | B91: Лак для волос PROFESSIONAL TOUCH Pro vitamin B5 Silk Protein экстрасильной фиксации | C91: 00-00001654 | D91: =VLOOKUP(C91,Setup!A:F,3,) -> Hairspray PROFESSIONAL TOUCH Pro vitamin B5 Silk Protein extra strong hold, 265 ml | E91: =VLOOKUP(C91,Setup!A:F,4,) -> PROFESSIONAL TOUCH | F91: =VLOOKUP(C91,Setup!A:F,5,) -> HAIR CARE | G91: =VLOOKUP(C91,Setup!A:F,6,) -> Hairspray | H91: UA053 | I91: 10980 | J91: 10968 | K91: 150 | L91: 15 | M91: 0 | P91: 88 | Q91: 5 | R91: 1 | U91: 6 | V91: =Q91/(Q91+J91) -> 0.0004556639 | W91: =R91/(R91+J91) -> 9.1166013e-05 | X91: =U91/(U91+J91) -> 0.00054674686 | Y91: =(J91/(K91*(P91-M91-N91))) -> 0.83090909 | Z91: =(J91/(J91+R91+S91-T91)) -> 0.99990883 | AA91: =Y91*Z91 -> 0.83083334
A92: A2 | B92: Лак для волос PROFESSIONAL TOUCH Pro vitamin B5 Multi Vitamins экстрасильной фиксации | C92: 00-00001655 | D92: =VLOOKUP(C92,Setup!A:F,3,) -> Hairspray PROFESSIONAL TOUCH Pro vitamin B5 Multi Vitamins extra strong hold, 265 ml | E92: =VLOOKUP(C92,Setup!A:F,4,) -> PROFESSIONAL TOUCH | F92: =VLOOKUP(C92,Setup!A:F,5,) -> HAIR CARE | G92: =VLOOKUP(C92,Setup!A:F,6,) -> Hairspray | H92: UA051 | I92: 8784 | J92: 8292 | K92: 150 | L92: 15 | M92: 0 | P92: 71 | Q92: 10 | R92: 4 | U92: 6 | V92: =Q92/(Q92+J92) -> 0.001204529 | W92: =R92/(R92+J92) -> 0.00048216008 | X92: =U92/(U92+J92) -> 0.0007230658 | Y92: =(J92/(K92*(P92-M92-N92))) -> 0.77859155 | Z92: =(J92/(J92+R92+S92-T92)) -> 0.99951784 | AA92: =Y92*Z92 -> 0.77821614
A93: A2 | B93: Лак для волос Pro fixation сверхсильной фиксации товарного знака DELIVEA | C93: 00-00011257 | D93: =VLOOKUP(C93,Setup!A:F,3,) -> Hairspray DELIVEA superstrong hold, 300 ml | E93: =VLOOKUP(C93,Setup!A:F,4,) -> DELIVEA | F93: =VLOOKUP(C93,Setup!A:F,5,) -> HAIR CARE | G93: =VLOOKUP(C93,Setup!A:F,6,) -> Hairspray | H93: UA044 | I93: 43920 | J93: =14637+28749 -> 43386 | K93: 150 | L93: =15+120 -> 135 | M93: =45 -> 45 | N93: =150+65 -> 215 | O93: The packers went to assemble the mixes | P93: =31-10+370+300 -> 691 | Q93: =3+1+12 -> 16 | R93: =1+2+27+3 -> 33 | U93: =6+6 -> 12 | V93: =Q93/(Q93+J93) -> 0.00036864661 | W93: =R93/(R93+J93) -> 0.00076003593 | X93: =U93/(U93+J93) -> 0.00027651044 | Y93: =(J93/(K93*(P93-M93-N93))) -> 0.67109049 | Z93: =(J93/(J93+R93+S93-T93)) -> 0.99923996 | AA93: =Y93*Z93 -> 0.67058043
A94: A2 | B94: Пена для бритья DELIVEA для чувствительной кожи MEN 52*195 | C94: ER-00011870 | D94: =VLOOKUP(C94,Setup!A:F,3,) -> Shaving foam DELIVEA for sensitive skin man, 300 ml | E94: =VLOOKUP(C94,Setup!A:F,4,) -> DELIVEA | F94: =VLOOKUP(C94,Setup!A:F,5,) -> BODY CARE | G94: =VLOOKUP(C94,Setup!A:F,6,) -> Shaving foam | H94: BA064 | I94: 21108 | J94: 21231 | K94: 140 | L94: 60 | M94: =15 -> 15 | P94: 228 | Q94: 6 | R94: 5 | U94: 6 | V94: =Q94/(Q94+J94) -> 0.00028252578 | W94: =R94/(R94+J94) -> 0.00023544924 | X94: =U94/(U94+J94) -> 0.00028252578 | Y94: =(J94/(K94*(P94-M94-N94))) -> 0.71197183 | Z94: =(J94/(J94+R94+S94-T94)) -> 0.99976455 | AA94: =Y94*Z94 -> 0.7118042
A95: A2 | B95: Дезодорант EDISON Golden Amber мужской | C95: ER-00012398 | D95: =VLOOKUP(C95,Setup!A:F,3,) -> Deodorant EDISON Golden Amber for men, 150 ml | E95: =VLOOKUP(C95,Setup!A:F,4,) -> EDISON | F95: =VLOOKUP(C95,Setup!A:F,5,) -> BODY CARE | G95: =VLOOKUP(C95,Setup!A:F,6,) -> Deodorant | H95: DA052 | I95: 20130 | J95: 20112 | K95: 150 | L95: 30 | M95: 30 | P95: 205 | Q95: 2 | R95: 4 | U95: 6 | V95: =Q95/(Q95+J95) -> 9.9433231e-05 | W95: =R95/(R95+J95) -> 0.00019884669 | X95: =U95/(U95+J95) -> 0.00029824038 | Y95: =(J95/(K95*(P95-M95-N95))) -> 0.76617143 | Z95: =(J95/(J95+R95+S95-T95)) -> 0.99980115 | AA95: =Y95*Z95 -> 0.76601908
A96: A2 | B96: Дезодорант EDISON Orange Bergamot мужской | C96: ER-00012399 | D96: =VLOOKUP(C96,Setup!A:F,3,) -> Deodorant EDISON Orange Bergamot for men, 150 ml | E96: =VLOOKUP(C96,Setup!A:F,4,) -> EDISON | F96: =VLOOKUP(C96,Setup!A:F,5,) -> BODY CARE | G96: =VLOOKUP(C96,Setup!A:F,6,) -> Deodorant | H96: DA053 | I96: 20130 | J96: 20124 | K96: 150 | L96: 15 | M96: 0 | P96: 157 | R96: 1 | U96: 6 | V96: =Q96/(Q96+J96) -> 0 | W96: =R96/(R96+J96) -> 4.9689441e-05 | X96: =U96/(U96+J96) -> 0.00029806259 | Y96: =(J96/(K96*(P96-M96-N96))) -> 0.85452229 | Z96: =(J96/(J96+R96+S96-T96)) -> 0.99995031 | AA96: =Y96*Z96 -> 0.85447983
A97: A2 | B97: Дезодорант EDISON Green Vetiver мужской | C97: ER-00012400 | D97: =VLOOKUP(C97,Setup!A:F,3,) -> Deodorant EDISON Green Vetiver for men, 150 ml | E97: =VLOOKUP(C97,Setup!A:F,4,) -> EDISON | F97: =VLOOKUP(C97,Setup!A:F,5,) -> BODY CARE | G97: =VLOOKUP(C97,Setup!A:F,6,) -> Deodorant | H97: DA054 | I97: 20130 | J97: 20124 | K97: 150 | L97: 15 | M97: 0 | P97: 168 | Q97: 8 | R97: 4 | U97: 6 | V97: =Q97/(Q97+J97) -> 0.00039737731 | W97: =R97/(R97+J97) -> 0.00019872814 | X97: =U97/(U97+J97) -> 0.00029806259 | Y97: =(J97/(K97*(P97-M97-N97))) -> 0.79857143 | Z97: =(J97/(J97+R97+S97-T97)) -> 0.99980127 | AA97: =Y97*Z97 -> 0.79841273
A98: A2 | B98: Дезодорант EDISON Blue Aqua мужской | C98: ER-00012401 | D98: =VLOOKUP(C98,Setup!A:F,3,) -> Deodorant EDISON Blue Aqua for men, 150 ml | E98: =VLOOKUP(C98,Setup!A:F,4,) -> EDISON | F98: =VLOOKUP(C98,Setup!A:F,5,) -> BODY CARE | G98: =VLOOKUP(C98,Setup!A:F,6,) -> Deodorant | H98: DA055 | I98: 20130 | J98: =1404+18720 -> 20124 | K98: 150 | L98: 15 | M98: 0 | P98: =32-10+172 -> 194 | Q98: 3 | R98: 6 | U98: 6 | V98: =Q98/(Q98+J98) -> 0.00014905351 | W98: =R98/(R98+J98) -> 0.00029806259 | X98: =U98/(U98+J98) -> 0.00029806259 | Y98: =(J98/(K98*(P98-M98-N98))) -> 0.69154639 | Z98: =(J98/(J98+R98+S98-T98)) -> 0.99970194 | AA98: =Y98*Z98 -> 0.69134027
A99: A2 | B99: Пена для бритья EDISON для всех типов кожи с алоэ вера 52*195 СЛИВЕР | C99: ER-00013796 | D99: =VLOOKUP(C99,Setup!A:F,3,) -> Shaving foam EDISON all skin types with aloe vera, 300 ml, Sl | E99: =VLOOKUP(C99,Setup!A:F,4,) -> EDISON | F99: =VLOOKUP(C99,Setup!A:F,5,) -> BODY CARE | G99: =VLOOKUP(C99,Setup!A:F,6,) -> Shaving foam | H99: BA070 | I99: 13877 | J99: 13920 | K99: 140 | L99: 60 | M99: 30 | P99: 260 | Q99: 3 | R99: 6 | U99: 6 | V99: =Q99/(Q99+J99) -> 0.0002154708 | W99: =R99/(R99+J99) -> 0.00043084877 | X99: =U99/(U99+J99) -> 0.00043084877 | Y99: =(J99/(K99*(P99-M99-N99))) -> 0.43229814 | Z99: =(J99/(J99+R99+S99-T99)) -> 0.99956915 | AA99: =Y99*Z99 -> 0.43211188
A100: A2 | B100: Пена для бритья EDISON для чувствительной с витаминами 52*195 СЛИВЕР | C100: ER-00013797 | D100: =VLOOKUP(C100,Setup!A:F,3,) -> Shaving foam EDISON for sensitive skin with vitamins, 300 ml, Sl | E100: =VLOOKUP(C100,Setup!A:F,4,) -> EDISON | F100: =VLOOKUP(C100,Setup!A:F,5,) -> BODY CARE | G100: =VLOOKUP(C100,Setup!A:F,6,) -> Shaving foam | H100: BA071 | I100: 13877 | J100: 13668 | K100: 140 | L100: 15 | M100: 0 | N100: 14 | O100: waited for the slivered cans | P100: 145 | Q100: 2 | R100: 4 | U100: 6 | V100: =Q100/(Q100+J100) -> 0.00014630578 | W100: =R100/(R100+J100) -> 0.00029256875 | X100: =U100/(U100+J100) -> 0.00043878894 | Y100: =(J100/(K100*(P100-M100-N100))) -> 0.74525627 | Z100: =(J100/(J100+R100+S100-T100)) -> 0.99970743 | AA100: =Y100*Z100 -> 0.74503823
...

Sheet 3
A1: Line | B1: Name | C1: Code | D1: English name | E1: Brand | F1: Nomenclature group | G1: Type of nomenclature | H1: Batch number | I1: Planned production, pcs | J1: Actual production, pcs | K1: Target line productivity rate per minute | L1: Line setup time, min | M1: Time of food stops, min | N1: Time for stops independent of line personnel, min | O1: Description of the reason for stopping column "N" | P1: Total batch production time, min | Q1: Initial defective cans, pcs | R1: Manufacturing defects of cans, pcs | S1: Недостача баллонов, шт. | T1: Излишек баллонов, шт. | U1: Number of cans taken by the laboratory for arbitration storage, pcs | V1: Initial defective cans, % | W1: Manufacturing defects of cans, % | X1: Number of cans taken by the laboratory for arbitration storage, % | Y1: ОЕЕ1 | Z1: ОЕЕ2 | AA1: ОЕЕ | AB1: Comment
A2: А3 | B2: Освежитель воздуха Либерхаус Тропический остров | C2: 00-00001703 | D2: =VLOOKUP(C2,Setup!A:F,3,) -> Air freshener LIBERHAUS Tropical island, 250 ml | E2: =VLOOKUP(C2,Setup!A:F,4,) -> LIBERHAUS | F2: =VLOOKUP(C2,Setup!A:F,5,) -> AIR FRESHENERS | G2: =VLOOKUP(C2,Setup!A:F,6,) -> Air fresheners refill | H2: OA348 | I2: 35360 | J2: =15312+20040 -> 35352 | K2: 84 | L2: 15 | M2: 0 | P2: =229+275 -> 504 | Q2: =2+1 -> 3 | U2: 6 | V2: =Q2/(Q2+J2) -> 8.4853627e-05 | W2: =R2/(R2+J2) -> 0 | X2: =U2/(U2+J2) -> 0.00016969286 | Y2: =(J2/(K2*(P2-M2-N2))) -> 0.83503401 | Z2: =(J2/(J2+R2+S2-T2)) -> 1 | AA2: =Y2*Z2 -> 0.83503401
A3: А3 | B3: Освежитель воздуха Прованс Фруктовый десерт 250 мл | C3: ER-00012049 | D3: =VLOOKUP(C3,Setup!A:F,3,) -> Air freshener GREEN COLLECTION BY PROVENCE Fruit dessert, 250 ml | E3: =VLOOKUP(C3,Setup!A:F,4,) -> GREEN COLLECTION BY PROVENCE | F3: =VLOOKUP(C3,Setup!A:F,5,) -> AIR FRESHENERS | G3: =VLOOKUP(C3,Setup!A:F,6,) -> Air fresheners refill | H3: OA211 | I3: 4200 | J3: 4224 | K3: 84 | L3: 15 | M3: 0 | P3: 65 | Q3: 4 | R3: 5 | U3: 4 | V3: =Q3/(Q3+J3) -> 0.00094607379 | W3: =R3/(R3+J3) -> 0.0011823126 | X3: =U3/(U3+J3) -> 0.00094607379 | Y3: =(J3/(K3*(P3-M3-N3))) -> 0.77362637 | Z3: =(J3/(J3+R3+S3-T3)) -> 0.99881769 | AA3: =Y3*Z3 -> 0.77271171
A4: А3 | B4: Освежитель воздуха Прованс Райское наслаждение 250 мл | C4: ER-00012048 | D4: =VLOOKUP(C4,Setup!A:F,3,) -> Air freshener GREEN COLLECTION BY PROVENCEParadise pleasure, 250 ml | E4: =VLOOKUP(C4,Setup!A:F,4,) -> GREEN COLLECTION BY PROVENCE | F4: =VLOOKUP(C4,Setup!A:F,5,) -> AIR FRESHENERS | G4: =VLOOKUP(C4,Setup!A:F,6,) -> Air fresheners refill | H4: OA364 | I4: 6000 | J4: 6108 | K4: 84 | L4: 15 | M4: 0 | P4: 96 | Q4: 3 | R4: 1 | U4: 6 | V4: =Q4/(Q4+J4) -> 0.00049091802 | W4: =R4/(R4+J4) -> 0.00016369291 | X4: =U4/(U4+J4) -> 0.00098135427 | Y4: =(J4/(K4*(P4-M4-N4))) -> 0.75744048 | Z4: =(J4/(J4+R4+S4-T4)) -> 0.99983631 | AA4: =Y4*Z4 -> 0.75731649
A5: А3 | B5: Освежитель воздуха Прованс Бодрящий лайм 250 мл GG | C5: ER-00013392 | D5: =VLOOKUP(C5,Setup!A:F,3,) -> Air freshener GREEN COLLECTION BY PROVENCE Invigorating Lime, 250 ml, Gatter group | E5: =VLOOKUP(C5,Setup!A:F,4,) -> GREEN COLLECTION BY PROVENCE | F5: =VLOOKUP(C5,Setup!A:F,5,) -> AIR FRESHENERS | G5: =VLOOKUP(C5,Setup!A:F,6,) -> Air fresheners refill | H5: OA188 | I5: 1000 | J5: 1008 | K5: 84 | L5: 15 | M5: 0 | P5: 20 | Q5: 19 | U5: 4 | V5: =Q5/(Q5+J5) -> 0.018500487 | W5: =R5/(R5+J5) -> 0 | X5: =U5/(U5+J5) -> 0.0039525692 | Y5: =(J5/(K5*(P5-M5-N5))) -> 0.6 | Z5: =(J5/(J5+R5+S5-T5)) -> 1 | AA5: =Y5*Z5 -> 0.6
A6: А3 | B6: Освежитель воздуха Прованс Бодрящий лайм 250 мл | C6: ER-00012044 | D6: =VLOOKUP(C6,Setup!A:F,3,) -> Air freshener GREEN COLLECTION BY PROVENCE Invigorating Lime, 250 ml | E6: =VLOOKUP(C6,Setup!A:F,4,) -> GREEN COLLECTION BY PROVENCE | F6: =VLOOKUP(C6,Setup!A:F,5,) -> AIR FRESHENERS | G6: =VLOOKUP(C6,Setup!A:F,6,) -> Air fresheners refill | H6: OA188 | I6: 2200 | J6: 2244 | K6: 84 | L6: 0 | M6: 0 | P6: 40 | V6: =Q6/(Q6+J6) -> 0 | W6: =R6/(R6+J6) -> 0 | X6: =U6/(U6+J6) -> 0 | Y6: =(J6/(K6*(P6-M6-N6))) -> 0.66785714 | Z6: =(J6/(J6+R6+S6-T6)) -> 1 | AA6: =Y6*Z6 -> 0.66785714
A7: А3 | B7: Освежитель воздуха Прованс Антитабак. Манго и ваниль. Блокатор запахов 250 мл | C7: ER-00012046 | D7: =VLOOKUP(C7,Setup!A:F,3,) -> Air freshener GREEN COLLECTION BY PROVENCE Antitabacco. Mango and vanila. Odor blocker, 250 ml | E7: =VLOOKUP(C7,Setup!A:F,4,) -> GREEN COLLECTION BY PROVENCE | F7: =VLOOKUP(C7,Setup!A:F,5,) -> AIR FRESHENERS | G7: =VLOOKUP(C7,Setup!A:F,6,) -> Air fresheners refill | H7: OA175 | I7: 3100 | J7: 2088 | K7: 84 | L7: 15 | M7: 15 | P7: 70 | Q7: 5 | R7: 5 | U7: 4 | V7: =Q7/(Q7+J7) -> 0.0023889154 | W7: =R7/(R7+J7) -> 0.0023889154 | X7: =U7/(U7+J7) -> 0.0019120459 | Y7: =(J7/(K7*(P7-M7-N7))) -> 0.45194805 | Z7: =(J7/(J7+R7+S7-T7)) -> 0.99761108 | AA7: =Y7*Z7 -> 0.45086839
A8: А3 | B8: Освежитель воздуха Прованс Антитабак. Манго и ваниль. Блокатор запахов 250 мл GG | C8: ER-00013390 | D8: =VLOOKUP(C8,Setup!A:F,3,) -> Air freshener GREEN COLLECTION BY PROVENCE Antitabacco. Mango and vanila. Odor blocker, 250 ml, Gatter group | E8: =VLOOKUP(C8,Setup!A:F,4,) -> GREEN COLLECTION BY PROVENCE | F8: =VLOOKUP(C8,Setup!A:F,5,) -> AIR FRESHENERS | G8: =VLOOKUP(C8,Setup!A:F,6,) -> Air fresheners refill | H8: OA175 | I8: 2100 | J8: 3108 | K8: 84 | L8: 0 | M8: 0 | P8: 74 | V8: =Q8/(Q8+J8) -> 0 | W8: =R8/(R8+J8) -> 0 | X8: =U8/(U8+J8) -> 0 | Y8: =(J8/(K8*(P8-M8-N8))) -> 0.5 | Z8: =(J8/(J8+R8+S8-T8)) -> 1 | AA8: =Y8*Z8 -> 0.5
A9: А3 | B9: Освежитель воздуха Прованс Ягодное наслаждение 250 мл GG | C9: ER-00013400 | D9: =VLOOKUP(C9,Setup!A:F,3,) -> Air freshener GREEN COLLECTION BY PROVENCE Berry Delight, 250 ml, Gatter group | E9: =VLOOKUP(C9,Setup!A:F,4,) -> GREEN COLLECTION BY PROVENCE | F9: =VLOOKUP(C9,Setup!A:F,5,) -> AIR FRESHENERS | G9: =VLOOKUP(C9,Setup!A:F,6,) -> Air fresheners refill | H9: OA239 | I9: 1000 | J9: 1008 | K9: 84 | L9: 15 | M9: 0 | P9: 30 | Q9: 2 | R9: 1 | U9: 4 | V9: =Q9/(Q9+J9) -> 0.001980198 | W9: =R9/(R9+J9) -> 0.00099108028 | X9: =U9/(U9+J9) -> 0.0039525692 | Y9: =(J9/(K9*(P9-M9-N9))) -> 0.4 | Z9: =(J9/(J9+R9+S9-T9)) -> 0.99900892 | AA9: =Y9*Z9 -> 0.39960357
A10: А3 | B10: Освежитель воздуха Прованс Ягодное наслаждение 250 мл | C10: ER-00012032 | D10: =VLOOKUP(C10,Setup!A:F,3,) -> Air freshener GREEN COLLECTION BY PROVENCE Berry Delight, 250 ml | E10: =VLOOKUP(C10,Setup!A:F,4,) -> GREEN COLLECTION BY PROVENCE | F10: =VLOOKUP(C10,Setup!A:F,5,) -> AIR FRESHENERS | G10: =VLOOKUP(C10,Setup!A:F,6,) -> Air fresheners refill | H10: OA239 | I10: 2000 | J10: 2040 | K10: 84 | L10: 0 | M10: 0 | P10: 50 | V10: =Q10/(Q10+J10) -> 0 | W10: =R10/(R10+J10) -> 0 | X10: =U10/(U10+J10) -> 0 | Y10: =(J10/(K10*(P10-M10-N10))) -> 0.48571429 | Z10: =(J10/(J10+R10+S10-T10)) -> 1 | AA10: =Y10*Z10 -> 0.48571429
A11: А3 | B11: Освежитель воздуха Home aroma Императорский сад | C11: ER-00011602 | D11: =VLOOKUP(C11,Setup!A:F,3,) -> Air freshener AIR PURE Home Aroma Imperial Garden, 230 ml | E11: =VLOOKUP(C11,Setup!A:F,4,) -> AIR PURE | F11: =VLOOKUP(C11,Setup!A:F,5,) -> AIR FRESHENERS | G11: =VLOOKUP(C11,Setup!A:F,6,) -> Air fresheners refill | H11: OA316 | I11: 15470 | J11: 15246 | K11: 84 | L11: 15 | M11: =60 -> 60 | P11: 250 | Q11: 4 | U11: 6 | V11: =Q11/(Q11+J11) -> 0.00026229508 | W11: =R11/(R11+J11) -> 0 | X11: =U11/(U11+J11) -> 0.00039339103 | Y11: =(J11/(K11*(P11-M11-N11))) -> 0.95526316 | Z11: =(J11/(J11+R11+S11-T11)) -> 1 | AA11: =Y11*Z11 -> 0.95526316
A12: А3 | B12: Освежитель воздуха Home aroma Дыхание тайги | C12: ER-00011591 | D12: =VLOOKUP(C12,Setup!A:F,3,) -> Air freshener AIR PURE Home Aroma Breath of the taiga, 230 ml | E12: =VLOOKUP(C12,Setup!A:F,4,) -> AIR PURE | F12: =VLOOKUP(C12,Setup!A:F,5,) -> AIR FRESHENERS | G12: =VLOOKUP(C12,Setup!A:F,6,) -> Air fresheners refill | H12: OA317 | I12: 15470 | J12: 15060 | K12: 84 | L12: 15 | M12: 0 | N12: 90 | O12: cloudy active product/flakes/remixed | P12: 275 | R12: 1 | U12: 6 | V12: =Q12/(Q12+J12) -> 0 | W12: =R12/(R12+J12) -> 6.6396654e-05 | X12: =U12/(U12+J12) -> 0.00039824771 | Y12: =(J12/(K12*(P12-M12-N12))) -> 0.96911197 | Z12: =(J12/(J12+R12+S12-T12)) -> 0.9999336 | AA12: =Y12*Z12 -> 0.96904762
A13: А3 | B13: Освежитель воздуха Home aroma Ананасовый пунш | C13: ER-00011601 | D13: =VLOOKUP(C13,Setup!A:F,3,) -> Air freshener AIR PURE Home Aroma Pineapple punch, 230 ml | E13: =VLOOKUP(C13,Setup!A:F,4,) -> AIR PURE | F13: =VLOOKUP(C13,Setup!A:F,5,) -> AIR FRESHENERS | G13: =VLOOKUP(C13,Setup!A:F,6,) -> Air fresheners refill | H13: OA179 | I13: 15470 | J13: =11520+786+3360 -> 15666 | K13: 84 | L13: 15 | M13: =70 -> 70 | P13: =210-10+100 -> 300 | Q13: 10 | R13: =4+1 -> 5 | U13: =6 -> 6 | V13: =Q13/(Q13+J13) -> 0.00063791784 | W13: =R13/(R13+J13) -> 0.00031906069 | X13: =U13/(U13+J13) -> 0.00038284839 | Y13: =(J13/(K13*(P13-M13-N13))) -> 0.81086957 | Z13: =(J13/(J13+R13+S13-T13)) -> 0.99968094 | AA13: =Y13*Z13 -> 0.81061085
A14: А3 | B14: Освежитель воздуха Air pure Антитабак Мохито | C14: ER-00011967 | D14: =VLOOKUP(C14,Setup!A:F,3,) -> Air freshener AIR PURE Odor blocker Mohito, 230 ml | E14: =VLOOKUP(C14,Setup!A:F,4,) -> AIR PURE | F14: =VLOOKUP(C14,Setup!A:F,5,) -> AIR FRESHENERS | G14: =VLOOKUP(C14,Setup!A:F,6,) -> Air fresheners refill | H14: OA314 | I14: 15470 | J14: 15456 | K14: 84 | L14: 15 | M14: 0 | P14: 210 | Q14: 4 | R14: 1 | U14: 6 | V14: =Q14/(Q14+J14) -> 0.00025873221 | W14: =R14/(R14+J14) -> 6.4695607e-05 | X14: =U14/(U14+J14) -> 0.00038804812 | Y14: =(J14/(K14*(P14-M14-N14))) -> 0.87619048 | Z14: =(J14/(J14+R14+S14-T14)) -> 0.9999353 | AA14: =Y14*Z14 -> 0.87613379
A15: А3 | B15: Освежитель воздуха AROMA VOYAGE Hello Aroma тропический смузи | C15: ER-00011755 | D15: =VLOOKUP(C15,Setup!A:F,3,) -> Air freshener AROMA VOYAGE Hello Aroma Verti , Tropical smoothie, 250 ml | E15: =VLOOKUP(C15,Setup!A:F,4,) -> VERTI | F15: =VLOOKUP(C15,Setup!A:F,5,) -> AIR FRESHENERS | G15: =VLOOKUP(C15,Setup!A:F,6,) -> Air fresheners refill | H15: OA309 | I15: 8500 | J15: 8610 | K15: 84 | L15: 15 | M15: 0 | P15: 145 | U15: 6 | V15: =Q15/(Q15+J15) -> 0 | W15: =R15/(R15+J15) -> 0 | X15: =U15/(U15+J15) -> 0.00069637883 | Y15: =(J15/(K15*(P15-M15-N15))) -> 0.70689655 | Z15: =(J15/(J15+R15+S15-T15)) -> 1 | AA15: =Y15*Z15 -> 0.70689655
A16: А3 | B16: Освежитель воздуха AROMA VOYAGE Hello Aroma алтайская свежесть | C16: ER-00011757 | D16: =VLOOKUP(C16,Setup!A:F,3,) -> Air freshener AROMA VOYAGE Hello Aroma Verti , Altai freshness, 250 ml | E16: =VLOOKUP(C16,Setup!A:F,4,) -> VERTI | F16: =VLOOKUP(C16,Setup!A:F,5,) -> AIR FRESHENERS | G16: =VLOOKUP(C16,Setup!A:F,6,) -> Air fresheners refill | H16: OA307 | I16: 8500 | J16: 8610 | K16: 84 | L16: 15 | M16: 0 | P16: 120 | U16: 6 | V16: =Q16/(Q16+J16) -> 0 | W16: =R16/(R16+J16) -> 0 | X16: =U16/(U16+J16) -> 0.00069637883 | Y16: =(J16/(K16*(P16-M16-N16))) -> 0.85416667 | Z16: =(J16/(J16+R16+S16-T16)) -> 1 | AA16: =Y16*Z16 -> 0.85416667
A17: А3 | B17: Освежитель воздуха AROMA VOYAGE Hello Aroma карельские ягоды | C17: ER-00011756 | D17: =VLOOKUP(C17,Setup!A:F,3,) -> Air freshener AROMA VOYAGE Hello Aroma Verti , Karelian berries, 250 ml | E17: =VLOOKUP(C17,Setup!A:F,4,) -> VERTI | F17: =VLOOKUP(C17,Setup!A:F,5,) -> AIR FRESHENERS | G17: =VLOOKUP(C17,Setup!A:F,6,) -> Air fresheners refill | H17: OA308 | I17: 8500 | J17: 9054 | K17: 84 | L17: 15 | M17: 0 | P17: 125 | Q17: 2 | R17: 1 | U17: 6 | V17: =Q17/(Q17+J17) -> 0.00022084806 | W17: =R17/(R17+J17) -> 0.00011043622 | X17: =U17/(U17+J17) -> 0.00066225166 | Y17: =(J17/(K17*(P17-M17-N17))) -> 0.86228571 | Z17: =(J17/(J17+R17+S17-T17)) -> 0.99988956 | AA17: =Y17*Z17 -> 0.86219049
A18: А3 | B18: Освежитель воздуха AROMA VOYAGE Hello Aroma китайская орхидея | C18: ER-00011758 | D18: =VLOOKUP(C18,Setup!A:F,3,) -> Air freshener AROMA VOYAGE Hello Aroma Verti , Chinese orchid, 250 ml | E18: =VLOOKUP(C18,Setup!A:F,4,) -> VERTI | F18: =VLOOKUP(C18,Setup!A:F,5,) -> AIR FRESHENERS | G18: =VLOOKUP(C18,Setup!A:F,6,) -> Air fresheners refill | H18: OA306 | I18: 8500 | J18: 8610 | K18: 84 | L18: 15 | M18: =50 -> 50 | P18: =35-10+205 -> 230 | Q18: 2 | R18: 4 | U18: 6 | V18: =Q18/(Q18+J18) -> 0.00023223409 | W18: =R18/(R18+J18) -> 0.00046436034 | X18: =U18/(U18+J18) -> 0.00069637883 | Y18: =(J18/(K18*(P18-M18-N18))) -> 0.56944444 | Z18: =(J18/(J18+R18+S18-T18)) -> 0.99953564 | AA18: =Y18*Z18 -> 0.56918002
A19: А3 | B19: Освежитель воздуха AIR PURE ALPEN FRESH Тропические цветы | C19: ER-00012500 | D19: =VLOOKUP(C19,Setup!A:F,3,) -> Air freshener AIR PURE ALPEN FRESH Tropical flowers, 250 ml | E19: =VLOOKUP(C19,Setup!A:F,4,) -> ALPEN | F19: =VLOOKUP(C19,Setup!A:F,5,) -> AIR FRESHENERS | G19: =VLOOKUP(C19,Setup!A:F,6,) -> Air fresheners refill | H19: OA302 | I19: 6500 | J19: 6528 | K19: 84 | L19: 15 | M19: 0 | P19: 105 | Q19: 4 | U19: 6 | V19: =Q19/(Q19+J19) -> 0.00061236987 | W19: =R19/(R19+J19) -> 0 | X19: =U19/(U19+J19) -> 0.00091827365 | Y19: =(J19/(K19*(P19-M19-N19))) -> 0.74013605 | Z19: =(J19/(J19+R19+S19-T19)) -> 1 | AA19: =Y19*Z19 -> 0.74013605
A20: А3 | B20: Освежитель воздуха AIR PURE ALPEN FRESH Свежесть водопада | C20: ER-00012457 | D20: =VLOOKUP(C20,Setup!A:F,3,) -> Air freshener AIR PURE ALPEN FRESH Freshness of a waterfall, 250 ml | E20: =VLOOKUP(C20,Setup!A:F,4,) -> ALPEN | F20: =VLOOKUP(C20,Setup!A:F,5,) -> AIR FRESHENERS | G20: =VLOOKUP(C20,Setup!A:F,6,) -> Air fresheners refill | H20: OA357 | I20: 4200 | J20: 4164 | K20: 84 | L20: 15 | M20: 0 | P20: 65 | Q20: 3 | R20: 1 | U20: 4 | V20: =Q20/(Q20+J20) -> 0.0007199424 | W20: =R20/(R20+J20) -> 0.00024009604 | X20: =U20/(U20+J20) -> 0.0009596929 | Y20: =(J20/(K20*(P20-M20-N20))) -> 0.76263736 | Z20: =(J20/(J20+R20+S20-T20)) -> 0.9997599 | AA20: =Y20*Z20 -> 0.76245426
A21: А3 | B21: Освежитель воздуха AIR PURE ALPEN FRESH Ароматный вернисаж | C21: ER-00012614 | D21: =VLOOKUP(C21,Setup!A:F,3,) -> Air freshener AIR PURE ALPEN FRESH Aromatic vernissage, 250 ml | E21: =VLOOKUP(C21,Setup!A:F,4,) -> ALPEN | F21: =VLOOKUP(C21,Setup!A:F,5,) -> AIR FRESHENERS | G21: =VLOOKUP(C21,Setup!A:F,6,) -> Air fresheners refill | H21: OA358 | I21: 6800 | J21: 6816 | K21: 84 | L21: 15 | M21: 0 | P21: 100 | Q21: 5 | R21: 2 | U21: 6 | V21: =Q21/(Q21+J21) -> 0.00073303035 | W21: =R21/(R21+J21) -> 0.00029334116 | X21: =U21/(U21+J21) -> 0.00087950748 | Y21: =(J21/(K21*(P21-M21-N21))) -> 0.81142857 | Z21: =(J21/(J21+R21+S21-T21)) -> 0.99970666 | AA21: =Y21*Z21 -> 0.81119055
A22: А3 | B22: Освежитель воздуха AIR PURE ALPEN FRESH Морской бриз | C22: ER-00012615 | D22: =VLOOKUP(C22,Setup!A:F,3,) -> Air freshener AIR PURE ALPEN FRESH Sea breeze, 250 ml | E22: =VLOOKUP(C22,Setup!A:F,4,) -> ALPEN | F22: =VLOOKUP(C22,Setup!A:F,5,) -> AIR FRESHENERS | G22: =VLOOKUP(C22,Setup!A:F,6,) -> Air fresheners refill | H22: OA359 | I22: 1300 | J22: 1296 | K22: 84 | L22: 15 | M22: 0 | P22: 25 | Q22: 2 | U22: 4 | V22: =Q22/(Q22+J22) -> 0.001540832 | W22: =R22/(R22+J22) -> 0 | X22: =U22/(U22+J22) -> 0.0030769231 | Y22: =(J22/(K22*(P22-M22-N22))) -> 0.61714286 | Z22: =(J22/(J22+R22+S22-T22)) -> 1 | AA22: =Y22*Z22 -> 0.61714286
A23: А3 | B23: Освежитель воздуха Прованс Гранатовый лимонад 250 мл | C23: ER-00012028 | D23: =VLOOKUP(C23,Setup!A:F,3,) -> Air freshener GREEN COLLECTION BY PROVENCE Pomegranate Lemonade, 250 ml | E23: =VLOOKUP(C23,Setup!A:F,4,) -> GREEN COLLECTION BY PROVENCE | F23: =VLOOKUP(C23,Setup!A:F,5,) -> AIR FRESHENERS | G23: =VLOOKUP(C23,Setup!A:F,6,) -> Air fresheners refill | H23: OA240 | I23: 1600 | J23: 1608 | K23: 84 | L23: 15 | M23: 0 | P23: 25 | Q23: =7+5 -> 12 | R23: 1 | U23: 4 | V23: =Q23/(Q23+J23) -> 0.0074074074 | W23: =R23/(R23+J23) -> 0.00062150404 | X23: =U23/(U23+J23) -> 0.0024813896 | Y23: =(J23/(K23*(P23-M23-N23))) -> 0.76571429 | Z23: =(J23/(J23+R23+S23-T23)) -> 0.9993785 | AA23: =Y23*Z23 -> 0.76523839
A24: А3 | B24: Освежитель воздуха Прованс Лазурные альпы 250 мл | C24: ER-00012029 | D24: =VLOOKUP(C24,Setup!A:F,3,) -> Air freshener GREEN COLLECTION BY PROVENCE Azure Alps, 250 ml | E24: =VLOOKUP(C24,Setup!A:F,4,) -> GREEN COLLECTION BY PROVENCE | F24: =VLOOKUP(C24,Setup!A:F,5,) -> AIR FRESHENERS | G24: =VLOOKUP(C24,Setup!A:F,6,) -> Air fresheners refill | H24: OA241 | I24: 6200 | J24: 6180 | K24: 84 | L24: 15 | M24: 0 | P24: 100 | Q24: 1 | U24: =6 -> 6 | V24: =Q24/(Q24+J24) -> 0.00016178612 | W24: =R24/(R24+J24) -> 0 | X24: =U24/(U24+J24) -> 0.0009699321 | Y24: =(J24/(K24*(P24-M24-N24))) -> 0.73571429 | Z24: =(J24/(J24+R24+S24-T24)) -> 1 | AA24: =Y24*Z24 -> 0.73571429
A25: А3 | B25: Освежитель воздуха Прованс Цветущая вишня 250 мл | C25: ER-00012045 | D25: =VLOOKUP(C25,Setup!A:F,3,) -> Air freshener GREEN COLLECTION BY PROVENCE Blooming cherry , 250 ml | E25: =VLOOKUP(C25,Setup!A:F,4,) -> GREEN COLLECTION BY PROVENCE | F25: =VLOOKUP(C25,Setup!A:F,5,) -> AIR FRESHENERS | G25: =VLOOKUP(C25,Setup!A:F,6,) -> Air fresheners refill | H25: OA366 | I25: 3800 | J25: 3816 | K25: 84 | L25: 15 | M25: 0 | P25: 55 | Q25: 3 | R25: 2 | U25: 6 | V25: =Q25/(Q25+J25) -> 0.00078554595 | W25: =R25/(R25+J25) -> 0.00052383447 | X25: =U25/(U25+J25) -> 0.0015698587 | Y25: =(J25/(K25*(P25-M25-N25))) -> 0.82597403 | Z25: =(J25/(J25+R25+S25-T25)) -> 0.99947617 | AA25: =Y25*Z25 -> 0.82554135
A26: А3 | B26: Освежитель воздуха Прованс Фруктовый десерт 250 мл | C26: ER-00012049 | D26: =VLOOKUP(C26,Setup!A:F,3,) -> Air freshener GREEN COLLECTION BY PROVENCE Fruit dessert, 250 ml | E26: =VLOOKUP(C26,Setup!A:F,4,) -> GREEN COLLECTION BY PROVENCE | F26: =VLOOKUP(C26,Setup!A:F,5,) -> AIR FRESHENERS | G26: =VLOOKUP(C26,Setup!A:F,6,) -> Air fresheners refill | H26: OA419 | I26: 3500 | J26: 3516 | K26: 84 | L26: 15 | M26: 0 | P26: =55 -> 55 | U26: =6 -> 6 | V26: =Q26/(Q26+J26) -> 0 | W26: =R26/(R26+J26) -> 0 | X26: =U26/(U26+J26) -> 0.0017035775 | Y26: =(J26/(K26*(P26-M26-N26))) -> 0.76103896 | Z26: =(J26/(J26+R26+S26-T26)) -> 1 | AA26: =Y26*Z26 -> 0.76103896
A27: А3 | B27: Освежитель воздуха Прованс Райское наслаждение 250 мл | C27: ER-00012048 | D27: =VLOOKUP(C27,Setup!A:F,3,) -> Air freshener GREEN COLLECTION BY PROVENCEParadise pleasure, 250 ml | E27: =VLOOKUP(C27,Setup!A:F,4,) -> GREEN COLLECTION BY PROVENCE | F27: =VLOOKUP(C27,Setup!A:F,5,) -> AIR FRESHENERS | G27: =VLOOKUP(C27,Setup!A:F,6,) -> Air fresheners refill | H27: OA420 | I27: 1488 | J27: 1416 | K27: 84 | L27: 15 | M27: 0 | P27: 33 | U27: =4 -> 4 | V27: =Q27/(Q27+J27) -> 0 | W27: =R27/(R27+J27) -> 0 | X27: =U27/(U27+J27) -> 0.0028169014 | Y27: =(J27/(K27*(P27-M27-N27))) -> 0.51082251 | Z27: =(J27/(J27+R27+S27-T27)) -> 1 | AA27: =Y27*Z27 -> 0.51082251
A28: А3 | B28: Освежитель воздуха Прованс Цветущий прованс 250 мл | C28: ER-00012031 | D28: =VLOOKUP(C28,Setup!A:F,3,) -> Air freshener GREEN COLLECTION BY PROVENCE Blooming Provence, 250 ml | E28: =VLOOKUP(C28,Setup!A:F,4,) -> GREEN COLLECTION BY PROVENCE | F28: =VLOOKUP(C28,Setup!A:F,5,) -> AIR FRESHENERS | G28: =VLOOKUP(C28,Setup!A:F,6,) -> Air fresheners refill | H28: OA365 | I28: 2300 | J28: =1860+360 -> 2220 | K28: 84 | L28: 15 | M28: 0 | P28: =48-10+4 -> 42 | U28: =6+6 -> 12 | V28: =Q28/(Q28+J28) -> 0 | W28: =R28/(R28+J28) -> 0 | X28: =U28/(U28+J28) -> 0.0053763441 | Y28: =(J28/(K28*(P28-M28-N28))) -> 0.6292517 | Z28: =(J28/(J28+R28+S28-T28)) -> 1 | AA28: =Y28*Z28 -> 0.6292517
A29: А3 | B29: Освежитель воздуха Verti Ветивер и бамбук Gold edition | C29: ER-00012767 | D29: =VLOOKUP(C29,Setup!A:F,3,) -> Air freshener VERTI Vetiver and bamboo, 250 ml | E29: =VLOOKUP(C29,Setup!A:F,4,) -> VERTI | F29: =VLOOKUP(C29,Setup!A:F,5,) -> AIR FRESHENERS | G29: =VLOOKUP(C29,Setup!A:F,6,) -> Air fresheners refill | H29: OA310 | I29: 7000 | J29: 7038 | K29: 84 | L29: 15 | M29: 0 | P29: 131 | Q29: 3 | R29: 4 | U29: 6 | V29: =Q29/(Q29+J29) -> 0.00042607584 | W29: =R29/(R29+J29) -> 0.00056802045 | X29: =U29/(U29+J29) -> 0.00085178876 | Y29: =(J29/(K29*(P29-M29-N29))) -> 0.63958561 | Z29: =(J29/(J29+R29+S29-T29)) -> 0.99943198 | AA29: =Y29*Z29 -> 0.63922231
A30: А3 | B30: Освежитель воздуха Verti Магнолия и иланг-иланг Gold edition | C30: ER-00012768 | D30: =VLOOKUP(C30,Setup!A:F,3,) -> Air freshener VERTI Magnolia, 250 ml | E30: =VLOOKUP(C30,Setup!A:F,4,) -> VERTI | F30: =VLOOKUP(C30,Setup!A:F,5,) -> AIR FRESHENERS | G30: =VLOOKUP(C30,Setup!A:F,6,) -> Air fresheners refill | H30: OA311 | I30: 7000 | J30: 7122 | K30: 84 | L30: 15 | M30: 0 | P30: 100 | U30: 6 | V30: =Q30/(Q30+J30) -> 0 | W30: =R30/(R30+J30) -> 0 | X30: =U30/(U30+J30) -> 0.00084175084 | Y30: =(J30/(K30*(P30-M30-N30))) -> 0.84785714 | Z30: =(J30/(J30+R30+S30-T30)) -> 1 | AA30: =Y30*Z30 -> 0.84785714
A31: А3 | B31: Освежитель воздуха Verti Морская соль и белое дерево Gold edition | C31: ER-00012769 | D31: =VLOOKUP(C31,Setup!A:F,3,) -> Air freshener VERTI Sea salt and white tree, 250 ml | E31: =VLOOKUP(C31,Setup!A:F,4,) -> VERTI | F31: =VLOOKUP(C31,Setup!A:F,5,) -> AIR FRESHENERS | G31: =VLOOKUP(C31,Setup!A:F,6,) -> Air fresheners refill | H31: OA312 | I31: 7000 | J31: 7062 | K31: 84 | L31: 15 | M31: 0 | P31: 102 | Q31: 4 | U31: 6 | V31: =Q31/(Q31+J31) -> 0.00056609114 | W31: =R31/(R31+J31) -> 0 | X31: =U31/(U31+J31) -> 0.00084889643 | Y31: =(J31/(K31*(P31-M31-N31))) -> 0.82422969 | Z31: =(J31/(J31+R31+S31-T31)) -> 1 | AA31: =Y31*Z31 -> 0.82422969
A32: А3 | B32: Освежитель воздуха Verti Черный перец и апельсиновый цвет Gold edition | C32: ER-00012770 | D32: =VLOOKUP(C32,Setup!A:F,3,) -> Air freshener VERTI Black pepper and orange blossom, 250 ml | E32: =VLOOKUP(C32,Setup!A:F,4,) -> VERTI | F32: =VLOOKUP(C32,Setup!A:F,5,) -> AIR FRESHENERS | G32: =VLOOKUP(C32,Setup!A:F,6,) -> Air fresheners refill | H32: OA313 | I32: 7000 | J32: 7068 | K32: 84 | L32: 15 | M32: 0 | P32: 93 | U32: 6 | V32: =Q32/(Q32+J32) -> 0 | W32: =R32/(R32+J32) -> 0 | X32: =U32/(U32+J32) -> 0.00084817642 | Y32: =(J32/(K32*(P32-M32-N32))) -> 0.9047619 | Z32: =(J32/(J32+R32+S32-T32)) -> 1 | AA32: =Y32*Z32 -> 0.9047619
A33: А3 | B33: Силиконовая смазка BIG D 500 мл СЛИВЕР | C33: ER-00011843 | D33: =VLOOKUP(C33,Setup!A:F,3,) -> Silicone Grease BIG D, 500 ml, Sl | E33: =VLOOKUP(C33,Setup!A:F,4,) -> BIG D | F33: =VLOOKUP(C33,Setup!A:F,5,) -> AUTO CARE | G33: =VLOOKUP(C33,Setup!A:F,6,) -> Silicone grease | H33: CA014 | I33: 3000 | J33: 3096 | K33: 40 | L33: 120 | M33: 0 | P33: 200 | Q33: 2 | R33: 1 | U33: 6 | V33: =Q33/(Q33+J33) -> 0.00064557779 | W33: =R33/(R33+J33) -> 0.00032289312 | X33: =U33/(U33+J33) -> 0.001934236 | Y33: =(J33/(K33*(P33-M33-N33))) -> 0.387 | Z33: =(J33/(J33+R33+S33-T33)) -> 0.99967711 | AA33: =Y33*Z33 -> 0.38687504
A34: А3 | B34: Полироль для пластика TURTLE WAX ВИШНЯ 500 мл СЛИВЕР | C34: ER-00012269 | D34: =VLOOKUP(C34,Setup!A:F,3,) -> Polish TURTLE WAX Cherry , 500 ml | E34: =VLOOKUP(C34,Setup!A:F,4,) -> TURTLE WAX | F34: =VLOOKUP(C34,Setup!A:F,5,) -> AUTO CARE | G34: =VLOOKUP(C34,Setup!A:F,6,) -> Polisher for interior | H34: CA007 | I34: 400 | J34: 348 | K34: 40 | L34: 60 | M34: 0 | P34: 45 | Q34: 4 | V34: =Q34/(Q34+J34) -> 0.011363636 | W34: =R34/(R34+J34) -> 0 | X34: =U34/(U34+J34) -> 0 | Y34: =(J34/(K34*(P34-M34-N34))) -> 0.19333333 | Z34: =(J34/(J34+R34+S34-T34)) -> 1 | AA34: =Y34*Z34 -> 0.19333333
A35: А3 | B35: Полироль для пластика TURTLE WAX ЯБЛОКО 500 мл СЛИВЕР | C35: ER-00012270 | D35: =VLOOKUP(C35,Setup!A:F,3,) -> Polish TURTLE WAX Lemon, 500 ml | E35: =VLOOKUP(C35,Setup!A:F,4,) -> TURTLE WAX | F35: =VLOOKUP(C35,Setup!A:F,5,) -> AUTO CARE | G35: =VLOOKUP(C35,Setup!A:F,6,) -> Polisher for interior | H35: CA006 | I35: 500 | J35: 498 | K35: 40 | L35: 30 | M35: 0 | P35: 25 | Q35: 4 | R35: 1 | V35: =Q35/(Q35+J35) -> 0.0079681275 | W35: =R35/(R35+J35) -> 0.002004008 | X35: =U35/(U35+J35) -> 0 | Y35: =(J35/(K35*(P35-M35-N35))) -> 0.498 | Z35: =(J35/(J35+R35+S35-T35)) -> 0.99799599 | AA35: =Y35*Z35 -> 0.497002
A36: А3 | B36: Освежитель воздуха Air pure Цветочная вуаль | C36: ER-00011964 | D36: =VLOOKUP(C36,Setup!A:F,3,) -> Air freshener AIR PURE Floral veil, 230 ml, N | E36: =VLOOKUP(C36,Setup!A:F,4,) -> AIR PURE | F36: =VLOOKUP(C36,Setup!A:F,5,) -> AIR FRESHENERS | G36: =VLOOKUP(C36,Setup!A:F,6,) -> Air fresheners refill | H36: OA315 | I36: 30940 | J36: 31044 | K36: 84 | L36: 60 | M36: 0 | P36: =35-15+431 -> 451 | Q36: 3 | U36: 6 | V36: =Q36/(Q36+J36) -> 9.6627693e-05 | W36: =R36/(R36+J36) -> 0 | X36: =U36/(U36+J36) -> 0.00019323671 | Y36: =(J36/(K36*(P36-M36-N36))) -> 0.81944884 | Z36: =(J36/(J36+R36+S36-T36)) -> 1 | AA36: =Y36*Z36 -> 0.81944884
A37: А3 | B37: Освежитель воздуха Air pure Антитабак Мохито | C37: ER-00011967 | D37: =VLOOKUP(C37,Setup!A:F,3,) -> Air freshener AIR PURE Odor blocker Mohito, 230 ml | E37: =VLOOKUP(C37,Setup!A:F,4,) -> AIR PURE | F37: =VLOOKUP(C37,Setup!A:F,5,) -> AIR FRESHENERS | G37: =VLOOKUP(C37,Setup!A:F,6,) -> Air fresheners refill | H37: OA429 | I37: 30940 | J37: =21120+192+9830+4 -> 31146 | K37: 84 | L37: 15 | M37: 0 | P37: =304-15+120 -> 409 | Q37: =1+2 -> 3 | R37: 1 | U37: 6 | V37: =Q37/(Q37+J37) -> 9.6311278e-05 | W37: =R37/(R37+J37) -> 3.2105821e-05 | X37: =U37/(U37+J37) -> 0.00019260401 | Y37: =(J37/(K37*(P37-M37-N37))) -> 0.90656654 | Z37: =(J37/(J37+R37+S37-T37)) -> 0.99996789 | AA37: =Y37*Z37 -> 0.90653743
A38: А3 | B38: Освежитель воздуха Air pure Цветущие горы | C38: ER-00011968 | D38: =VLOOKUP(C38,Setup!A:F,3,) -> Air freshener AIR PURE Blooming mountains, 230 ml | E38: =VLOOKUP(C38,Setup!A:F,4,) -> AIR PURE | F38: =VLOOKUP(C38,Setup!A:F,5,) -> AIR FRESHENERS | G38: =VLOOKUP(C38,Setup!A:F,6,) -> Air fresheners refill | H38: OA430 | I38: 15470 | J38: 15480 | K38: 84 | L38: 15 | M38: 0 | P38: 210 | Q38: 2 | R38: 3 | U38: 6 | V38: =Q38/(Q38+J38) -> 0.00012918228 | W38: =R38/(R38+J38) -> 0.0001937609 | X38: =U38/(U38+J38) -> 0.00038744673 | Y38: =(J38/(K38*(P38-M38-N38))) -> 0.87755102 | Z38: =(J38/(J38+R38+S38-T38)) -> 0.99980624 | AA38: =Y38*Z38 -> 0.87738099
A39: А3 | B39: Освежитель воздуха Home aroma Ананасовый пунш | C39: ER-00011601 | D39: =VLOOKUP(C39,Setup!A:F,3,) -> Air freshener AIR PURE Home Aroma Pineapple punch, 230 ml | E39: =VLOOKUP(C39,Setup!A:F,4,) -> AIR PURE | F39: =VLOOKUP(C39,Setup!A:F,5,) -> AIR FRESHENERS | G39: =VLOOKUP(C39,Setup!A:F,6,) -> Air fresheners refill | H39: OA431 | I39: 15470 | J39: 15474 | K39: 84 | L39: 15 | M39: 0 | P39: 215 | U39: 6 | V39: =Q39/(Q39+J39) -> 0 | W39: =R39/(R39+J39) -> 0 | X39: =U39/(U39+J39) -> 0.0003875969 | Y39: =(J39/(K39*(P39-M39-N39))) -> 0.85681063 | Z39: =(J39/(J39+R39+S39-T39)) -> 1 | AA39: =Y39*Z39 -> 0.85681063
A40: А3 | B40: Освежитель воздуха Моя цена Тайфун НД | C40: 00-00011160 | D40: =VLOOKUP(C40,Setup!A:F,3,) -> Air freshener MOYA TSENA Typhoon, 250 ml | E40: =VLOOKUP(C40,Setup!A:F,4,) -> MOYA TSENA | F40: =VLOOKUP(C40,Setup!A:F,5,) -> AIR FRESHENERS | G40: =VLOOKUP(C40,Setup!A:F,6,) -> Air fresheners refill | H40: OA322 | I40: 5203 | J40: 5196 | K40: 84 | L40: 15 | M40: 0 | P40: 95 | Q40: 5 | R40: 4 | U40: 6 | V40: =Q40/(Q40+J40) -> 0.00096135359 | W40: =R40/(R40+J40) -> 0.00076923077 | X40: =U40/(U40+J40) -> 0.0011534025 | Y40: =(J40/(K40*(P40-M40-N40))) -> 0.65112782 | Z40: =(J40/(J40+R40+S40-T40)) -> 0.99923077 | AA40: =Y40*Z40 -> 0.65062695
A41: А3 | B41: Освежитель воздуха Нужные вещи Сочный лайм НД | C41: ER-00011672 | D41: =VLOOKUP(C41,Setup!A:F,3,) -> Air freshener NUZHNIE VESHI Juicy lime, 250 ml, N | E41: =VLOOKUP(C41,Setup!A:F,4,) -> NUZHNYE VESHI | F41: =VLOOKUP(C41,Setup!A:F,5,) -> AIR FRESHENERS | G41: =VLOOKUP(C41,Setup!A:F,6,) -> Air fresheners refill | H41: OA319 | I41: 4043 | J41: =4056+8 -> 4064 | K41: 84 | L41: 15 | M41: 0 | P41: 62 | Q41: 2 | U41: 6 | V41: =Q41/(Q41+J41) -> 0.00049188392 | W41: =R41/(R41+J41) -> 0 | X41: =U41/(U41+J41) -> 0.0014742015 | Y41: =(J41/(K41*(P41-M41-N41))) -> 0.78033794 | Z41: =(J41/(J41+R41+S41-T41)) -> 1 | AA41: =Y41*Z41 -> 0.78033794
A42: А3 | B42: Освежитель воздуха Нужные вещи Тропическая орхидея НД | C42: ER-00011670 | D42: =VLOOKUP(C42,Setup!A:F,3,) -> Air freshener NUZHNIE VESHI Tropical orchid, 250 ml, N | E42: =VLOOKUP(C42,Setup!A:F,4,) -> NUZHNYE VESHI | F42: =VLOOKUP(C42,Setup!A:F,5,) -> AIR FRESHENERS | G42: =VLOOKUP(C42,Setup!A:F,6,) -> Air fresheners refill | H42: OA318 | I42: 4420 | J42: =1152+3252+6 -> 4410 | K42: 84 | L42: 15 | M42: 0 | P42: =33-10+45 -> 68 | Q42: 1 | R42: =1 -> 1 | U42: 6 | V42: =Q42/(Q42+J42) -> 0.00022670596 | W42: =R42/(R42+J42) -> 0.00022670596 | X42: =U42/(U42+J42) -> 0.0013586957 | Y42: =(J42/(K42*(P42-M42-N42))) -> 0.77205882 | Z42: =(J42/(J42+R42+S42-T42)) -> 0.99977329 | AA42: =Y42*Z42 -> 0.77188379
A43: А3 | B43: Освежитель воздуха Нужные вещи Цветущая сакура НД | C43: ER-00011671 | D43: =VLOOKUP(C43,Setup!A:F,3,) -> Air freshener NUZHNIE VESHI Blooming sakura, 250 ml, N | E43: =VLOOKUP(C43,Setup!A:F,4,) -> NUZHNYE VESHI | F43: =VLOOKUP(C43,Setup!A:F,5,) -> AIR FRESHENERS | G43: =VLOOKUP(C43,Setup!A:F,6,) -> Air fresheners refill | H43: OA320 | I43: 13260 | J43: 13262 | K43: 60 | L43: 30 | M43: 0 | P43: 220 | Q43: 3 | R43: 2 | U43: 6 | V43: =Q43/(Q43+J43) -> 0.00022615907 | W43: =R43/(R43+J43) -> 0.00015078408 | X43: =U43/(U43+J43) -> 0.00045221586 | Y43: =(J43/(K43*(P43-M43-N43))) -> 1.004697 | Z43: =(J43/(J43+R43+S43-T43)) -> 0.99984922 | AA43: =Y43*Z43 -> 1.0045455 | AB43: mix
A44: А3 | B44: Освежитель воздуха Моя цена Гранат НД | C44: 00-00011159 | D44: =VLOOKUP(C44,Setup!A:F,3,) -> Air freshener MOYA TSENA Pomegranate, 250 ml | E44: =VLOOKUP(C44,Setup!A:F,4,) -> MOYA TSENA | F44: =VLOOKUP(C44,Setup!A:F,5,) -> AIR FRESHENERS | G44: =VLOOKUP(C44,Setup!A:F,6,) -> Air fresheners refill | H44: OA321 | I44: 4420 | J44: 4422 | K44: 84 | L44: 15 | M44: 0 | P44: 60 | U44: 6 | V44: =Q44/(Q44+J44) -> 0 | W44: =R44/(R44+J44) -> 0 | X44: =U44/(U44+J44) -> 0.0013550136 | Y44: =(J44/(K44*(P44-M44-N44))) -> 0.87738095 | Z44: =(J44/(J44+R44+S44-T44)) -> 1 | AA44: =Y44*Z44 -> 0.87738095 | AB44: mix
A45: А3 | B45: Освежитель воздуха Либерхаус Солнечное настроение SRP | C45: 00-00001704 | D45: =VLOOKUP(C45,Setup!A:F,3,) -> Air freshener LIBERHAUS Sunny mood, 250 ml | E45: =VLOOKUP(C45,Setup!A:F,4,) -> LIBERHAUS | F45: =VLOOKUP(C45,Setup!A:F,5,) -> AIR FRESHENERS | G45: =VLOOKUP(C45,Setup!A:F,6,) -> Air fresheners refill | H45: OA401 | I45: 15000 | J45: =15056+99 -> 15155 | K45: 84 | L45: 30 | M45: 0 | P45: 275 | Q45: 4 | R45: 2 | U45: 6 | V45: =Q45/(Q45+J45) -> 0.00026386965 | W45: =R45/(R45+J45) -> 0.00013195223 | X45: =U45/(U45+J45) -> 0.00039575226 | Y45: =(J45/(K45*(P45-M45-N45))) -> 0.65606061 | Z45: =(J45/(J45+R45+S45-T45)) -> 0.99986805 | AA45: =Y45*Z45 -> 0.65597404
A46: А3 | B46: Освежитель воздуха Либерхаус Тропический остров SRP | C46: 00-00001703 | D46: =VLOOKUP(C46,Setup!A:F,3,) -> Air freshener LIBERHAUS Tropical island, 250 ml | E46: =VLOOKUP(C46,Setup!A:F,4,) -> LIBERHAUS | F46: =VLOOKUP(C46,Setup!A:F,5,) -> AIR FRESHENERS | G46: =VLOOKUP(C46,Setup!A:F,6,) -> Air fresheners refill | H46: OA400 | I46: 28730 | J46: =6948+7992+13560 -> 28500 | K46: 84 | L46: =15+15 -> 30 | M46: 0 | P46: =135-10+100+230 -> 455 | Q46: =4+1 -> 5 | R46: =3 -> 3 | U46: 6 | V46: =Q46/(Q46+J46) -> 0.00017540782 | W46: =R46/(R46+J46) -> 0.00010525208 | X46: =U46/(U46+J46) -> 0.000210482 | Y46: =(J46/(K46*(P46-M46-N46))) -> 0.74568289 | Z46: =(J46/(J46+R46+S46-T46)) -> 0.99989475 | AA46: =Y46*Z46 -> 0.7456044
A47: А3 | B47: Освежитель воздуха Нужные вещи Цветущая сакура НД | C47: ER-00011671 | D47: =VLOOKUP(C47,Setup!A:F,3,) -> Air freshener NUZHNIE VESHI Blooming sakura, 250 ml, N | E47: =VLOOKUP(C47,Setup!A:F,4,) -> NUZHNYE VESHI | F47: =VLOOKUP(C47,Setup!A:F,5,) -> AIR FRESHENERS | G47: =VLOOKUP(C47,Setup!A:F,6,) -> Air fresheners refill | H47: OA446 | I47: 7972 | J47: 8824 | K47: 84 | L47: 15 | M47: 0 | P47: 125 | Q47: 5 | R47: 2 | U47: 6 | V47: =Q47/(Q47+J47) -> 0.00056631555 | W47: =R47/(R47+J47) -> 0.00022660322 | X47: =U47/(U47+J47) -> 0.0006795017 | Y47: =(J47/(K47*(P47-M47-N47))) -> 0.84038095 | Z47: =(J47/(J47+R47+S47-T47)) -> 0.9997734 | AA47: =Y47*Z47 -> 0.84019052
A48: А3 | B48: Освежитель воздуха Нужные вещи Тропическая орхидея НД | C48: ER-00011670 | D48: =VLOOKUP(C48,Setup!A:F,3,) -> Air freshener NUZHNIE VESHI Tropical orchid, 250 ml, N | E48: =VLOOKUP(C48,Setup!A:F,4,) -> NUZHNYE VESHI | F48: =VLOOKUP(C48,Setup!A:F,5,) -> AIR FRESHENERS | G48: =VLOOKUP(C48,Setup!A:F,6,) -> Air fresheners refill | H48: OA447 | I48: 16214 | J48: =8823+8628 -> 17451 | K48: 84 | L48: 15 | M48: 0 | P48: 240 | Q48: 3 | U48: 6 | V48: =Q48/(Q48+J48) -> 0.00017188037 | W48: =R48/(R48+J48) -> 0 | X48: =U48/(U48+J48) -> 0.00034370167 | Y48: =(J48/(K48*(P48-M48-N48))) -> 0.865625 | Z48: =(J48/(J48+R48+S48-T48)) -> 1 | AA48: =Y48*Z48 -> 0.865625
A49: А3 | B49: Освежитель воздуха Нужные вещи Сочный лайм НД | C49: ER-00011672 | D49: =VLOOKUP(C49,Setup!A:F,3,) -> Air freshener NUZHNIE VESHI Juicy lime, 250 ml, N | E49: =VLOOKUP(C49,Setup!A:F,4,) -> NUZHNYE VESHI | F49: =VLOOKUP(C49,Setup!A:F,5,) -> AIR FRESHENERS | G49: =VLOOKUP(C49,Setup!A:F,6,) -> Air fresheners refill | H49: OA448 | I49: 16452 | J49: =8832+7128+424 -> 16384 | K49: 60 | L49: 15 | M49: 0 | P49: =270-10 -> 260 | Q49: 2 | R49: 3 | U49: 6 | V49: =Q49/(Q49+J49) -> 0.00012205541 | W49: =R49/(R49+J49) -> 0.00018307195 | X49: =U49/(U49+J49) -> 0.00036607688 | Y49: =(J49/(K49*(P49-M49-N49))) -> 1.0502564 | Z49: =(J49/(J49+R49+S49-T49)) -> 0.99981693 | AA49: =Y49*Z49 -> 1.0500641 | AB49: mix
A50: А3 | B50: Освежитель воздуха Прованс Бодрящий лайм 250 мл | C50: ER-00012044 | D50: =VLOOKUP(C50,Setup!A:F,3,) -> Air freshener GREEN COLLECTION BY PROVENCE Invigorating Lime, 250 ml | E50: =VLOOKUP(C50,Setup!A:F,4,) -> GREEN COLLECTION BY PROVENCE | F50: =VLOOKUP(C50,Setup!A:F,5,) -> AIR FRESHENERS | G50: =VLOOKUP(C50,Setup!A:F,6,) -> Air fresheners refill | H50: OA454 | I50: 4300 | J50: 4212 | K50: 84 | L50: 15 | M50: 0 | P50: 70 | Q50: 1 | R50: 1 | U50: 6 | V50: =Q50/(Q50+J50) -> 0.00023736055 | W50: =R50/(R50+J50) -> 0.00023736055 | X50: =U50/(U50+J50) -> 0.0014224751 | Y50: =(J50/(K50*(P50-M50-N50))) -> 0.71632653 | Z50: =(J50/(J50+R50+S50-T50)) -> 0.99976264 | AA50: =Y50*Z50 -> 0.7161565
A51: А3 | B51: Освежитель воздуха Прованс Антитабак. Манго и ваниль. Блокатор запахов 250 мл | C51: ER-00012046 | D51: =VLOOKUP(C51,Setup!A:F,3,) -> Air freshener GREEN COLLECTION BY PROVENCE Antitabacco. Mango and vanila. Odor blocker, 250 ml | E51: =VLOOKUP(C51,Setup!A:F,4,) -> GREEN COLLECTION BY PROVENCE | F51: =VLOOKUP(C51,Setup!A:F,5,) -> AIR FRESHENERS | G51: =VLOOKUP(C51,Setup!A:F,6,) -> Air fresheners refill | H51: OA457 | I51: 5700 | J51: 5652 | K51: 84 | L51: 15 | M51: 0 | P51: 78 | Q51: 1 | R51: 1 | U51: 6 | V51: =Q51/(Q51+J51) -> 0.00017689722 | W51: =R51/(R51+J51) -> 0.00017689722 | X51: =U51/(U51+J51) -> 0.0010604454 | Y51: =(J51/(K51*(P51-M51-N51))) -> 0.86263736 | Z51: =(J51/(J51+R51+S51-T51)) -> 0.9998231 | AA51: =Y51*Z51 -> 0.86248476
A52: А3 | B52: Освежитель воздуха Прованс Гранатовый лимонад 250 мл | C52: ER-00012028 | D52: =VLOOKUP(C52,Setup!A:F,3,) -> Air freshener GREEN COLLECTION BY PROVENCE Pomegranate Lemonade, 250 ml | E52: =VLOOKUP(C52,Setup!A:F,4,) -> GREEN COLLECTION BY PROVENCE | F52: =VLOOKUP(C52,Setup!A:F,5,) -> AIR FRESHENERS | G52: =VLOOKUP(C52,Setup!A:F,6,) -> Air fresheners refill | H52: OA456 | I52: 4300 | J52: 4236 | K52: 84 | L52: 15 | M52: 0 | P52: 65 | U52: 6 | V52: =Q52/(Q52+J52) -> 0 | W52: =R52/(R52+J52) -> 0 | X52: =U52/(U52+J52) -> 0.0014144272 | Y52: =(J52/(K52*(P52-M52-N52))) -> 0.77582418 | Z52: =(J52/(J52+R52+S52-T52)) -> 1 | AA52: =Y52*Z52 -> 0.77582418
A53: А3 | B53: Освежитель воздуха Прованс Лазурные альпы 250 мл | C53: ER-00012029 | D53: =VLOOKUP(C53,Setup!A:F,3,) -> Air freshener GREEN COLLECTION BY PROVENCE Azure Alps, 250 ml | E53: =VLOOKUP(C53,Setup!A:F,4,) -> GREEN COLLECTION BY PROVENCE | F53: =VLOOKUP(C53,Setup!A:F,5,) -> AIR FRESHENERS | G53: =VLOOKUP(C53,Setup!A:F,6,) -> Air fresheners refill | H53: OA455 | I53: 6400 | J53: 6180 | K53: 84 | L53: 15 | M53: 0 | P53: 100 | Q53: 1 | R53: 2 | U53: 6 | V53: =Q53/(Q53+J53) -> 0.00016178612 | W53: =R53/(R53+J53) -> 0.0003235199 | X53: =U53/(U53+J53) -> 0.0009699321 | Y53: =(J53/(K53*(P53-M53-N53))) -> 0.73571429 | Z53: =(J53/(J53+R53+S53-T53)) -> 0.99967648 | AA53: =Y53*Z53 -> 0.73547627
A54: А3 | B54: Освежитель воздуха Прованс Морская ривьера 250 мл | C54: ER-00012030 | D54: =VLOOKUP(C54,Setup!A:F,3,) -> Air freshener GREEN COLLECTION BY PROVENCE Maritime Riviera, 250 ml | E54: =VLOOKUP(C54,Setup!A:F,4,) -> GREEN COLLECTION BY PROVENCE | F54: =VLOOKUP(C54,Setup!A:F,5,) -> AIR FRESHENERS | G54: =VLOOKUP(C54,Setup!A:F,6,) -> Air fresheners refill | H54: OA368 | I54: 2500 | J54: 2616 | K54: 84 | L54: 15 | M54: 0 | P54: 47 | Q54: 3 | U54: 6 | V54: =Q54/(Q54+J54) -> 0.0011454754 | W54: =R54/(R54+J54) -> 0 | X54: =U54/(U54+J54) -> 0.0022883295 | Y54: =(J54/(K54*(P54-M54-N54))) -> 0.66261398 | Z54: =(J54/(J54+R54+S54-T54)) -> 1 | AA54: =Y54*Z54 -> 0.66261398
A55: А3 | B55: Освежитель воздуха Прованс Цветущий прованс 250 мл | C55: ER-00012031 | D55: =VLOOKUP(C55,Setup!A:F,3,) -> Air freshener GREEN COLLECTION BY PROVENCE Blooming Provence, 250 ml | E55: =VLOOKUP(C55,Setup!A:F,4,) -> GREEN COLLECTION BY PROVENCE | F55: =VLOOKUP(C55,Setup!A:F,5,) -> AIR FRESHENERS | G55: =VLOOKUP(C55,Setup!A:F,6,) -> Air fresheners refill | H55: OA500 | I55: 3885 | J55: 3672 | K55: 84 | L55: 15 | M55: 0 | P55: 59 | U55: 6 | V55: =Q55/(Q55+J55) -> 0 | W55: =R55/(R55+J55) -> 0 | X55: =U55/(U55+J55) -> 0.0016313214 | Y55: =(J55/(K55*(P55-M55-N55))) -> 0.7409201 | Z55: =(J55/(J55+R55+S55-T55)) -> 1 | AA55: =Y55*Z55 -> 0.7409201
A56: А3 | B56: Освежитель воздуха Прованс Фруктовый десерт 250 мл GG | C56: ER-00013398 | D56: =VLOOKUP(C56,Setup!A:F,3,) -> Air freshener GREEN COLLECTION BY PROVENCE Fruit dessert, 250 ml, Gatter group | E56: =VLOOKUP(C56,Setup!A:F,4,) -> GREEN COLLECTION BY PROVENCE | F56: =VLOOKUP(C56,Setup!A:F,5,) -> AIR FRESHENERS | G56: =VLOOKUP(C56,Setup!A:F,6,) -> Air fresheners refill | H56: OA501 | I56: 800 | J56: 804 | K56: 84 | L56: 15 | M56: 0 | P56: 15 | Q56: =11+2 -> 13 | U56: 6 | V56: =Q56/(Q56+J56) -> 0.015911873 | W56: =R56/(R56+J56) -> 0 | X56: =U56/(U56+J56) -> 0.0074074074 | Y56: =(J56/(K56*(P56-M56-N56))) -> 0.63809524 | Z56: =(J56/(J56+R56+S56-T56)) -> 1 | AA56: =Y56*Z56 -> 0.63809524
A57: А3 | B57: Освежитель воздуха Прованс Фруктовый десерт 250 мл | C57: ER-00012049 | D57: =VLOOKUP(C57,Setup!A:F,3,) -> Air freshener GREEN COLLECTION BY PROVENCE Fruit dessert, 250 ml | E57: =VLOOKUP(C57,Setup!A:F,4,) -> GREEN COLLECTION BY PROVENCE | F57: =VLOOKUP(C57,Setup!A:F,5,) -> AIR FRESHENERS | G57: =VLOOKUP(C57,Setup!A:F,6,) -> Air fresheners refill | H57: OA501 | I57: 9409 | J57: =2112+6792 -> 8904 | K57: 84 | L57: 0 | M57: 0 | P57: 130 | V57: =Q57/(Q57+J57) -> 0 | W57: =R57/(R57+J57) -> 0 | X57: =U57/(U57+J57) -> 0 | Y57: =(J57/(K57*(P57-M57-N57))) -> 0.81538462 | Z57: =(J57/(J57+R57+S57-T57)) -> 1 | AA57: =Y57*Z57 -> 0.81538462
A58: А3 | B58: Освежитель воздуха Прованс Райское наслаждение 250 мл | C58: ER-00012048 | D58: =VLOOKUP(C58,Setup!A:F,3,) -> Air freshener GREEN COLLECTION BY PROVENCEParadise pleasure, 250 ml | E58: =VLOOKUP(C58,Setup!A:F,4,) -> GREEN COLLECTION BY PROVENCE | F58: =VLOOKUP(C58,Setup!A:F,5,) -> AIR FRESHENERS | G58: =VLOOKUP(C58,Setup!A:F,6,) -> Air fresheners refill | H58: OA484 | I58: 13041 | J58: 13356 | K58: 84 | L58: 15 | M58: 0 | P58: 199 | Q58: 5 | R58: 1 | U58: 6 | V58: =Q58/(Q58+J58) -> 0.00037422349 | W58: =R58/(R58+J58) -> 7.4867111e-05 | X58: =U58/(U58+J58) -> 0.00044903458 | Y58: =(J58/(K58*(P58-M58-N58))) -> 0.79899497 | Z58: =(J58/(J58+R58+S58-T58)) -> 0.99992513 | AA58: =Y58*Z58 -> 0.79893516
A59: А3 | B59: Освежитель воздуха Прованс Цветущая вишня 250 мл | C59: ER-00012045 | D59: =VLOOKUP(C59,Setup!A:F,3,) -> Air freshener GREEN COLLECTION BY PROVENCE Blooming cherry , 250 ml | E59: =VLOOKUP(C59,Setup!A:F,4,) -> GREEN COLLECTION BY PROVENCE | F59: =VLOOKUP(C59,Setup!A:F,5,) -> AIR FRESHENERS | G59: =VLOOKUP(C59,Setup!A:F,6,) -> Air fresheners refill | H59: OA502 | I59: 3687 | J59: 3672 | K59: 84 | L59: 15 | M59: 0 | P59: 69 | U59: 6 | V59: =Q59/(Q59+J59) -> 0 | W59: =R59/(R59+J59) -> 0 | X59: =U59/(U59+J59) -> 0.0016313214 | Y59: =(J59/(K59*(P59-M59-N59))) -> 0.63354037 | Z59: =(J59/(J59+R59+S59-T59)) -> 1 | AA59: =Y59*Z59 -> 0.63354037
A60: А3 | B60: Освежитель воздуха Прованс Ягодное наслаждение 250 мл | C60: ER-00012032 | D60: =VLOOKUP(C60,Setup!A:F,3,) -> Air freshener GREEN COLLECTION BY PROVENCE Berry Delight, 250 ml | E60: =VLOOKUP(C60,Setup!A:F,4,) -> GREEN COLLECTION BY PROVENCE | F60: =VLOOKUP(C60,Setup!A:F,5,) -> AIR FRESHENERS | G60: =VLOOKUP(C60,Setup!A:F,6,) -> Air fresheners refill | H60: OA503 | I60: 6630 | J60: 6768 | K60: 84 | L60: 15 | M60: 0 | P60: 107 | U60: 6 | V60: =Q60/(Q60+J60) -> 0 | W60: =R60/(R60+J60) -> 0 | X60: =U60/(U60+J60) -> 0.00088573959 | Y60: =(J60/(K60*(P60-M60-N60))) -> 0.75300401 | Z60: =(J60/(J60+R60+S60-T60)) -> 1 | AA60: =Y60*Z60 -> 0.75300401
A61: А3 | B61: Освежитель воздуха Прованс Королевская орхидея 250 мл | C61: ER-00012047 | D61: =VLOOKUP(C61,Setup!A:F,3,) -> Air freshener GREEN COLLECTION BY PROVENCERoyal Orchid, 250 ml | E61: =VLOOKUP(C61,Setup!A:F,4,) -> GREEN COLLECTION BY PROVENCE | F61: =VLOOKUP(C61,Setup!A:F,5,) -> AIR FRESHENERS | G61: =VLOOKUP(C61,Setup!A:F,6,) -> Air fresheners refill | H61: OA367 | I61: 3700 | J61: 3756 | K61: 84 | L61: 15 | M61: 0 | P61: 60 | U61: 6 | V61: =Q61/(Q61+J61) -> 0 | W61: =R61/(R61+J61) -> 0 | X61: =U61/(U61+J61) -> 0.0015948963 | Y61: =(J61/(K61*(P61-M61-N61))) -> 0.7452381 | Z61: =(J61/(J61+R61+S61-T61)) -> 1 | AA61: =Y61*Z61 -> 0.7452381
A62: А3 | B62: Освежитель воздуха AIR PURE ALPEN FRESH Тропические цветы | C62: ER-00012500 | D62: =VLOOKUP(C62,Setup!A:F,3,) -> Air freshener AIR PURE ALPEN FRESH Tropical flowers, 250 ml | E62: =VLOOKUP(C62,Setup!A:F,4,) -> ALPEN | F62: =VLOOKUP(C62,Setup!A:F,5,) -> AIR FRESHENERS | G62: =VLOOKUP(C62,Setup!A:F,6,) -> Air fresheners refill | H62: OA449 | I62: 4200 | J62: 4152 | K62: 84 | L62: 15 | M62: 0 | P62: 76 | Q62: 6 | U62: 6 | V62: =Q62/(Q62+J62) -> 0.0014430014 | W62: =R62/(R62+J62) -> 0 | X62: =U62/(U62+J62) -> 0.0014430014 | Y62: =(J62/(K62*(P62-M62-N62))) -> 0.65037594 | Z62: =(J62/(J62+R62+S62-T62)) -> 1 | AA62: =Y62*Z62 -> 0.65037594
A63: А3 | B63: Освежитель воздуха AIR PURE ALPEN FRESH Свежесть водопада | C63: ER-00012457 | D63: =VLOOKUP(C63,Setup!A:F,3,) -> Air freshener AIR PURE ALPEN FRESH Freshness of a waterfall, 250 ml | E63: =VLOOKUP(C63,Setup!A:F,4,) -> ALPEN | F63: =VLOOKUP(C63,Setup!A:F,5,) -> AIR FRESHENERS | G63: =VLOOKUP(C63,Setup!A:F,6,) -> Air fresheners refill | H63: OA450 | I63: 4200 | J63: 4224 | K63: 84 | L63: 15 | M63: 0 | P63: 77 | Q63: 3 | R63: 1 | U63: 6 | V63: =Q63/(Q63+J63) -> 0.00070972321 | W63: =R63/(R63+J63) -> 0.00023668639 | X63: =U63/(U63+J63) -> 0.0014184397 | Y63: =(J63/(K63*(P63-M63-N63))) -> 0.65306122 | Z63: =(J63/(J63+R63+S63-T63)) -> 0.99976331 | AA63: =Y63*Z63 -> 0.65290665
A64: А3 | B64: Освежитель воздуха AIR PURE ALPEN FRESH Ароматный вернисаж | C64: ER-00012614 | D64: =VLOOKUP(C64,Setup!A:F,3,) -> Air freshener AIR PURE ALPEN FRESH Aromatic vernissage, 250 ml | E64: =VLOOKUP(C64,Setup!A:F,4,) -> ALPEN | F64: =VLOOKUP(C64,Setup!A:F,5,) -> AIR FRESHENERS | G64: =VLOOKUP(C64,Setup!A:F,6,) -> Air fresheners refill | H64: OA451 | I64: 6200 | J64: =2112+4032 -> 6144 | K64: 84 | L64: 15 | M64: 0 | N64: 52 | O64: warming up a gas mashine in cold weather | P64: =57+90 -> 147 | Q64: 6 | R64: =10+2+1 -> 13 | U64: =6+6 -> 12 | V64: =Q64/(Q64+J64) -> 0.00097560976 | W64: =R64/(R64+J64) -> 0.0021114179 | X64: =U64/(U64+J64) -> 0.0019493177 | Y64: =(J64/(K64*(P64-M64-N64))) -> 0.76992481 | Z64: =(J64/(J64+R64+S64-T64)) -> 0.99788858 | AA64: =Y64*Z64 -> 0.76829918
A65: А3 | B65: Освежитель воздуха AIR PURE ALPEN FRESH Морской бриз | C65: ER-00012615 | D65: =VLOOKUP(C65,Setup!A:F,3,) -> Air freshener AIR PURE ALPEN FRESH Sea breeze, 250 ml | E65: =VLOOKUP(C65,Setup!A:F,4,) -> ALPEN | F65: =VLOOKUP(C65,Setup!A:F,5,) -> AIR FRESHENERS | G65: =VLOOKUP(C65,Setup!A:F,6,) -> Air fresheners refill | H65: OA452 | I65: 6200 | J65: 6312 | K65: 84 | L65: 15 | M65: 0 | P65: 103 | Q65: 2 | R65: 2 | U65: 6 | V65: =Q65/(Q65+J65) -> 0.00031675641 | W65: =R65/(R65+J65) -> 0.00031675641 | X65: =U65/(U65+J65) -> 0.00094966762 | Y65: =(J65/(K65*(P65-M65-N65))) -> 0.7295423 | Z65: =(J65/(J65+R65+S65-T65)) -> 0.99968324 | AA65: =Y65*Z65 -> 0.72931122
A66: А3 | B66: Освежитель воздуха Flower shop Цветущее манго и кокос 250 мл СЛИВЕР | C66: ER-00012637 | D66: =VLOOKUP(C66,Setup!A:F,3,) -> Air freshener FLOWER SHOP Blooming mango and coconut, 250 ml | E66: =VLOOKUP(C66,Setup!A:F,4,) -> FLOWER SHOP | F66: =VLOOKUP(C66,Setup!A:F,5,) -> AIR FRESHENERS | G66: =VLOOKUP(C66,Setup!A:F,6,) -> Air fresheners refill | H66: OA360 | I66: 4200 | J66: 4344 | K66: 84 | L66: 15 | M66: 0 | P66: 80 | Q66: 24 | R66: 1 | U66: 6 | V66: =Q66/(Q66+J66) -> 0.0054945055 | W66: =R66/(R66+J66) -> 0.0002301496 | X66: =U66/(U66+J66) -> 0.0013793103 | Y66: =(J66/(K66*(P66-M66-N66))) -> 0.64642857 | Z66: =(J66/(J66+R66+S66-T66)) -> 0.99976985 | AA66: =Y66*Z66 -> 0.6462798
A67: А3 | B67: Освежитель воздуха Flower shop Апельсин и грейпфрут 250 мл СЛИВЕР | C67: ER-00012639 | D67: =VLOOKUP(C67,Setup!A:F,3,) -> Air freshener FLOWER SHOP Orange and grapefruit, 250 ml | E67: =VLOOKUP(C67,Setup!A:F,4,) -> FLOWER SHOP | F67: =VLOOKUP(C67,Setup!A:F,5,) -> AIR FRESHENERS | G67: =VLOOKUP(C67,Setup!A:F,6,) -> Air fresheners refill | H67: OA361 | I67: 4200 | J67: =4296+12 -> 4308 | K67: 84 | L67: 15 | M67: 0 | P67: 77 | R67: 2 | U67: 6 | V67: =Q67/(Q67+J67) -> 0 | W67: =R67/(R67+J67) -> 0.00046403712 | X67: =U67/(U67+J67) -> 0.0013908206 | Y67: =(J67/(K67*(P67-M67-N67))) -> 0.66604824 | Z67: =(J67/(J67+R67+S67-T67)) -> 0.99953596 | AA67: =Y67*Z67 -> 0.66573917
A68: А3 | B68: Освежитель воздуха Flower shop Цветок тиаре и гибискус СЛИВЕР | C68: ER-00012640 | D68: =VLOOKUP(C68,Setup!A:F,3,) -> Air freshener FLOWER SHOP Tiare flower and hibiscus, 250 ml | E68: =VLOOKUP(C68,Setup!A:F,4,) -> FLOWER SHOP | F68: =VLOOKUP(C68,Setup!A:F,5,) -> AIR FRESHENERS | G68: =VLOOKUP(C68,Setup!A:F,6,) -> Air fresheners refill | H68: OA362 | I68: 4200 | J68: 4212 | K68: 84 | L68: 15 | M68: 0 | P68: 75 | Q68: 1 | R68: 2 | U68: 6 | V68: =Q68/(Q68+J68) -> 0.00023736055 | W68: =R68/(R68+J68) -> 0.00047460845 | X68: =U68/(U68+J68) -> 0.0014224751 | Y68: =(J68/(K68*(P68-M68-N68))) -> 0.66857143 | Z68: =(J68/(J68+R68+S68-T68)) -> 0.99952539 | AA68: =Y68*Z68 -> 0.66825412
A69: А3 | B69: Освежитель воздуха Flower shop Морские минералы СЛИВЕР | C69: ER-00012638 | D69: =VLOOKUP(C69,Setup!A:F,3,) -> Air freshener FLOWER SHOP Sea minerals, 250 ml | E69: =VLOOKUP(C69,Setup!A:F,4,) -> FLOWER SHOP | F69: =VLOOKUP(C69,Setup!A:F,5,) -> AIR FRESHENERS | G69: =VLOOKUP(C69,Setup!A:F,6,) -> Air fresheners refill | H69: OA363 | I69: 4200 | J69: 4260 | K69: 84 | L69: 15 | M69: 0 | P69: 87 | R69: 1 | U69: 6 | V69: =Q69/(Q69+J69) -> 0 | W69: =R69/(R69+J69) -> 0.00023468669 | X69: =U69/(U69+J69) -> 0.0014064698 | Y69: =(J69/(K69*(P69-M69-N69))) -> 0.58292282 | Z69: =(J69/(J69+R69+S69-T69)) -> 0.99976531 | AA69: =Y69*Z69 -> 0.58278602
A70: А3 | B70: Освежитель воздуха Либерхаус Тропический остров SRP | C70: 00-00001703 | D70: =VLOOKUP(C70,Setup!A:F,3,) -> Air freshener LIBERHAUS Tropical island, 250 ml | E70: =VLOOKUP(C70,Setup!A:F,4,) -> LIBERHAUS | F70: =VLOOKUP(C70,Setup!A:F,5,) -> AIR FRESHENERS | G70: =VLOOKUP(C70,Setup!A:F,6,) -> Air fresheners refill | H70: OA462 | I70: 35360 | J70: =11700+24+23820 -> 35544 | K70: 84 | L70: 15 | M70: =15+15 -> 30 | P70: =223-10+315 -> 528 | Q70: =6 -> 6 | R70: =12+4 -> 16 | U70: 6 | V70: =Q70/(Q70+J70) -> 0.00016877637 | W70: =R70/(R70+J70) -> 0.00044994376 | X70: =U70/(U70+J70) -> 0.00016877637 | Y70: =(J70/(K70*(P70-M70-N70))) -> 0.84968445 | Z70: =(J70/(J70+R70+S70-T70)) -> 0.99955006 | AA70: =Y70*Z70 -> 0.84930214
A71: А3 | B71: Освежитель воздуха Прованс Бодрящий лайм 250 мл СЛИВЕР | C71: ER-00011627 | D71: =VLOOKUP(C71,Setup!A:F,3,) -> Air freshener GREEN COLLECTION BY PROVENCE Invigorating Lime, 250 ml, Sl, N | E71: =VLOOKUP(C71,Setup!A:F,4,) -> GREEN COLLECTION BY PROVENCE | F71: =VLOOKUP(C71,Setup!A:F,5,) -> AIR FRESHENERS | G71: =VLOOKUP(C71,Setup!A:F,6,) -> Air fresheners refill | H71: OA512 | I71: 4420 | J71: 4464 | K71: 84 | L71: 15 | M71: 0 | P71: 90 | Q71: 2 | R71: 1 | U71: 6 | V71: =Q71/(Q71+J71) -> 0.00044782803 | W71: =R71/(R71+J71) -> 0.00022396417 | X71: =U71/(U71+J71) -> 0.0013422819 | Y71: =(J71/(K71*(P71-M71-N71))) -> 0.59047619 | Z71: =(J71/(J71+R71+S71-T71)) -> 0.99977604 | AA71: =Y71*Z71 -> 0.59034394
A72: А3 | B72: Освежитель воздуха Прованс Лазурные альпы 250 мл GG | C72: ER-00013397 | D72: =VLOOKUP(C72,Setup!A:F,3,) -> Air freshener GREEN COLLECTION BY PROVENCE Azure Alps, 250 ml, Gatter group | E72: =VLOOKUP(C72,Setup!A:F,4,) -> GREEN COLLECTION BY PROVENCE | F72: =VLOOKUP(C72,Setup!A:F,5,) -> AIR FRESHENERS | G72: =VLOOKUP(C72,Setup!A:F,6,) -> Air fresheners refill | H72: OA516 | I72: 600 | J72: 600 | K72: 84 | L72: 15 | M72: 0 | P72: 10 | Q72: 7 | R72: 1 | U72: 6 | V72: =Q72/(Q72+J72) -> 0.011532125 | W72: =R72/(R72+J72) -> 0.0016638935 | X72: =U72/(U72+J72) -> 0.0099009901 | Y72: =(J72/(K72*(P72-M72-N72))) -> 0.71428571 | Z72: =(J72/(J72+R72+S72-T72)) -> 0.99833611 | AA72: =Y72*Z72 -> 0.71309722
A73: А3 | B73: Освежитель воздуха Прованс Лазурные альпы 250 мл | C73: ER-00012029 | D73: =VLOOKUP(C73,Setup!A:F,3,) -> Air freshener GREEN COLLECTION BY PROVENCE Azure Alps, 250 ml | E73: =VLOOKUP(C73,Setup!A:F,4,) -> GREEN COLLECTION BY PROVENCE | F73: =VLOOKUP(C73,Setup!A:F,5,) -> AIR FRESHENERS | G73: =VLOOKUP(C73,Setup!A:F,6,) -> Air fresheners refill | H73: OA516 | I73: 3820 | J73: 3792 | K73: 84 | L73: 0 | M73: 0 | P73: 60 | V73: =Q73/(Q73+J73) -> 0 | W73: =R73/(R73+J73) -> 0 | X73: =U73/(U73+J73) -> 0 | Y73: =(J73/(K73*(P73-M73-N73))) -> 0.75238095 | Z73: =(J73/(J73+R73+S73-T73)) -> 1 | AA73: =Y73*Z73 -> 0.75238095
A74: А3 | B74: Освежитель воздуха Прованс Морская ривьера 250 мл | C74: ER-00012030 | D74: =VLOOKUP(C74,Setup!A:F,3,) -> Air freshener GREEN COLLECTION BY PROVENCE Maritime Riviera, 250 ml | E74: =VLOOKUP(C74,Setup!A:F,4,) -> GREEN COLLECTION BY PROVENCE | F74: =VLOOKUP(C74,Setup!A:F,5,) -> AIR FRESHENERS | G74: =VLOOKUP(C74,Setup!A:F,6,) -> Air fresheners refill | H74: OA517 | I74: 2210 | J74: 2208 | K74: 84 | L74: 15 | M74: 0 | P74: 40 | Q74: 4 | R74: 3 | U74: 4 | V74: =Q74/(Q74+J74) -> 0.0018083183 | W74: =R74/(R74+J74) -> 0.0013568521 | X74: =U74/(U74+J74) -> 0.0018083183 | Y74: =(J74/(K74*(P74-M74-N74))) -> 0.65714286 | Z74: =(J74/(J74+R74+S74-T74)) -> 0.99864315 | AA74: =Y74*Z74 -> 0.65625121
A75: А3 | B75: Освежитель воздуха Прованс Цветущий прованс 250 мл | C75: ER-00012031 | D75: =VLOOKUP(C75,Setup!A:F,3,) -> Air freshener GREEN COLLECTION BY PROVENCE Blooming Provence, 250 ml | E75: =VLOOKUP(C75,Setup!A:F,4,) -> GREEN COLLECTION BY PROVENCE | F75: =VLOOKUP(C75,Setup!A:F,5,) -> AIR FRESHENERS | G75: =VLOOKUP(C75,Setup!A:F,6,) -> Air fresheners refill | H75: OA518 | I75: 2210 | J75: 2196 | K75: 84 | L75: 15 | M75: 0 | P75: 40 | U75: 4 | V75: =Q75/(Q75+J75) -> 0 | W75: =R75/(R75+J75) -> 0 | X75: =U75/(U75+J75) -> 0.0018181818 | Y75: =(J75/(K75*(P75-M75-N75))) -> 0.65357143 | Z75: =(J75/(J75+R75+S75-T75)) -> 1 | AA75: =Y75*Z75 -> 0.65357143
A76: А3 | B76: Освежитель воздуха Прованс Цветущая вишня 250 мл | C76: ER-00012045 | D76: =VLOOKUP(C76,Setup!A:F,3,) -> Air freshener GREEN COLLECTION BY PROVENCE Blooming cherry , 250 ml | E76: =VLOOKUP(C76,Setup!A:F,4,) -> GREEN COLLECTION BY PROVENCE | F76: =VLOOKUP(C76,Setup!A:F,5,) -> AIR FRESHENERS | G76: =VLOOKUP(C76,Setup!A:F,6,) -> Air fresheners refill | H76: OA513 | I76: 6700 | J76: 6624 | K76: 84 | L76: 15 | M76: 0 | P76: 85 | Q76: 2 | R76: 2 | U76: 6 | V76: =Q76/(Q76+J76) -> 0.00030184123 | W76: =R76/(R76+J76) -> 0.00030184123 | X76: =U76/(U76+J76) -> 0.00090497738 | Y76: =(J76/(K76*(P76-M76-N76))) -> 0.92773109 | Z76: =(J76/(J76+R76+S76-T76)) -> 0.99969816 | AA76: =Y76*Z76 -> 0.92745106
A77: А3 | B77: Освежитель воздуха Home aroma Дыхание тайги | C77: ER-00011591 | D77: =VLOOKUP(C77,Setup!A:F,3,) -> Air freshener AIR PURE Home Aroma Breath of the taiga, 230 ml | E77: =VLOOKUP(C77,Setup!A:F,4,) -> AIR PURE | F77: =VLOOKUP(C77,Setup!A:F,5,) -> AIR FRESHENERS | G77: =VLOOKUP(C77,Setup!A:F,6,) -> Air fresheners refill | H77: OA461 | I77: 30940 | J77: =3840+192+27072+101 -> 31205 | K77: 84 | L77: 15 | M77: 0 | P77: =80+345 -> 425 | Q77: 1 | R77: 2 | U77: 6 | V77: =Q77/(Q77+J77) -> 3.204512e-05 | W77: =R77/(R77+J77) -> 6.4088185e-05 | X77: =U77/(U77+J77) -> 0.00019223992 | Y77: =(J77/(K77*(P77-M77-N77))) -> 0.87408964 | Z77: =(J77/(J77+R77+S77-T77)) -> 0.99993591 | AA77: =Y77*Z77 -> 0.87403362
A78: А3 | B78: Освежитель воздуха Home aroma Ананасовый пунш | C78: ER-00011601 | D78: =VLOOKUP(C78,Setup!A:F,3,) -> Air freshener AIR PURE Home Aroma Pineapple punch, 230 ml | E78: =VLOOKUP(C78,Setup!A:F,4,) -> AIR PURE | F78: =VLOOKUP(C78,Setup!A:F,5,) -> AIR FRESHENERS | G78: =VLOOKUP(C78,Setup!A:F,6,) -> Air fresheners refill | H78: OA460 | I78: 15470 | J78: 15462 | K78: 84 | L78: 15 | M78: 0 | P78: 220 | Q78: 4 | R78: 1 | U78: 6 | V78: =Q78/(Q78+J78) -> 0.00025863184 | W78: =R78/(R78+J78) -> 6.4670504e-05 | X78: =U78/(U78+J78) -> 0.0003878976 | Y78: =(J78/(K78*(P78-M78-N78))) -> 0.83668831 | Z78: =(J78/(J78+R78+S78-T78)) -> 0.99993533 | AA78: =Y78*Z78 -> 0.8366342
A79: А3 | B79: Освежитель воздуха Home aroma Императорский сад | C79: ER-00011602 | D79: =VLOOKUP(C79,Setup!A:F,3,) -> Air freshener AIR PURE Home Aroma Imperial Garden, 230 ml | E79: =VLOOKUP(C79,Setup!A:F,4,) -> AIR PURE | F79: =VLOOKUP(C79,Setup!A:F,5,) -> AIR FRESHENERS | G79: =VLOOKUP(C79,Setup!A:F,6,) -> Air fresheners refill | H79: OA459 | I79: 15470 | J79: =9596+1000+4964 -> 15560 | K79: 84 | L79: 15 | M79: 0 | P79: =155+60 -> 215 | Q79: =2 -> 2 | R79: 4 | U79: 6 | V79: =Q79/(Q79+J79) -> 0.00012851819 | W79: =R79/(R79+J79) -> 0.00025700334 | X79: =U79/(U79+J79) -> 0.00038545548 | Y79: =(J79/(K79*(P79-M79-N79))) -> 0.86157254 | Z79: =(J79/(J79+R79+S79-T79)) -> 0.999743 | AA79: =Y79*Z79 -> 0.86135111
A80: А3 | B80: Освежитель воздуха AROMA VOYAGE Hello Aroma тропический смузи | C80: ER-00011755 | D80: =VLOOKUP(C80,Setup!A:F,3,) -> Air freshener AROMA VOYAGE Hello Aroma Verti , Tropical smoothie, 250 ml | E80: =VLOOKUP(C80,Setup!A:F,4,) -> VERTI | F80: =VLOOKUP(C80,Setup!A:F,5,) -> AIR FRESHENERS | G80: =VLOOKUP(C80,Setup!A:F,6,) -> Air fresheners refill | H80: OA467 | I80: 11000 | J80: 11292 | K80: 84 | L80: 15 | M80: 15 | P80: 185 | R80: 15 | U80: 6 | V80: =Q80/(Q80+J80) -> 0 | W80: =R80/(R80+J80) -> 0.0013266118 | X80: =U80/(U80+J80) -> 0.00053106745 | Y80: =(J80/(K80*(P80-M80-N80))) -> 0.7907563 | Z80: =(J80/(J80+R80+S80-T80)) -> 0.99867339 | AA80: =Y80*Z80 -> 0.78970728
A81: А3 | B81: Освежитель воздуха AROMA VOYAGE Hello Aroma алтайская свежесть | C81: ER-00011757 | D81: =VLOOKUP(C81,Setup!A:F,3,) -> Air freshener AROMA VOYAGE Hello Aroma Verti , Altai freshness, 250 ml | E81: =VLOOKUP(C81,Setup!A:F,4,) -> VERTI | F81: =VLOOKUP(C81,Setup!A:F,5,) -> AIR FRESHENERS | G81: =VLOOKUP(C81,Setup!A:F,6,) -> Air fresheners refill | H81: OA469 | I81: 11000 | J81: 11166 | K81: 84 | L81: 15 | M81: 30 | P81: 175 | U81: 6 | V81: =Q81/(Q81+J81) -> 0 | W81: =R81/(R81+J81) -> 0 | X81: =U81/(U81+J81) -> 0.00053705693 | Y81: =(J81/(K81*(P81-M81-N81))) -> 0.91674877 | Z81: =(J81/(J81+R81+S81-T81)) -> 1 | AA81: =Y81*Z81 -> 0.91674877
A82: А3 | B82: Освежитель воздуха AROMA VOYAGE Hello Aroma карельские ягоды | C82: ER-00011756 | D82: =VLOOKUP(C82,Setup!A:F,3,) -> Air freshener AROMA VOYAGE Hello Aroma Verti , Karelian berries, 250 ml | E82: =VLOOKUP(C82,Setup!A:F,4,) -> VERTI | F82: =VLOOKUP(C82,Setup!A:F,5,) -> AIR FRESHENERS | G82: =VLOOKUP(C82,Setup!A:F,6,) -> Air fresheners refill | H82: OA468 | I82: 11000 | J82: 10992 | K82: 84 | L82: 15 | M82: 0 | P82: 150 | R82: 1 | U82: 6 | V82: =Q82/(Q82+J82) -> 0 | W82: =R82/(R82+J82) -> 9.0966979e-05 | X82: =U82/(U82+J82) -> 0.00054555374 | Y82: =(J82/(K82*(P82-M82-N82))) -> 0.87238095 | Z82: =(J82/(J82+R82+S82-T82)) -> 0.99990903 | AA82: =Y82*Z82 -> 0.87230159
A83: А3 | B83: Освежитель воздуха AROMA VOYAGE Hello Aroma китайская орхидея | C83: ER-00011758 | D83: =VLOOKUP(C83,Setup!A:F,3,) -> Air freshener AROMA VOYAGE Hello Aroma Verti , Chinese orchid, 250 ml | E83: =VLOOKUP(C83,Setup!A:F,4,) -> VERTI | F83: =VLOOKUP(C83,Setup!A:F,5,) -> AIR FRESHENERS | G83: =VLOOKUP(C83,Setup!A:F,6,) -> Air fresheners refill | H83: OA470 | I83: 11000 | J83: =9600+762+1032 -> 11394 | K83: 84 | L83: 15 | M83: 0 | P83: =165-10+20 -> 175 | Q83: =2+1 -> 3 | R83: 1 | U83: 6 | V83: =Q83/(Q83+J83) -> 0.00026322717 | W83: =R83/(R83+J83) -> 8.7757789e-05 | X83: =U83/(U83+J83) -> 0.00052631579 | Y83: =(J83/(K83*(P83-M83-N83))) -> 0.77510204 | Z83: =(J83/(J83+R83+S83-T83)) -> 0.99991224 | AA83: =Y83*Z83 -> 0.77503402
A84: А3 | B84: Освежитель воздуха Verti Ветивер и бамбук Gold edition | C84: ER-00012767 | D84: =VLOOKUP(C84,Setup!A:F,3,) -> Air freshener VERTI Vetiver and bamboo, 250 ml | E84: =VLOOKUP(C84,Setup!A:F,4,) -> VERTI | F84: =VLOOKUP(C84,Setup!A:F,5,) -> AIR FRESHENERS | G84: =VLOOKUP(C84,Setup!A:F,6,) -> Air fresheners refill | H84: OA463 | I84: 7000 | J84: 7116 | K84: 84 | L84: 15 | M84: 0 | P84: 105 | Q84: 9 | R84: 1 | U84: 6 | V84: =Q84/(Q84+J84) -> 0.0012631579 | W84: =R84/(R84+J84) -> 0.00014050864 | X84: =U84/(U84+J84) -> 0.00084245998 | Y84: =(J84/(K84*(P84-M84-N84))) -> 0.80680272 | Z84: =(J84/(J84+R84+S84-T84)) -> 0.99985949 | AA84: =Y84*Z84 -> 0.80668936
A85: А3 | B85: Освежитель воздуха Verti Морская соль и белое дерево Gold edition | C85: ER-00012769 | D85: =VLOOKUP(C85,Setup!A:F,3,) -> Air freshener VERTI Sea salt and white tree, 250 ml | E85: =VLOOKUP(C85,Setup!A:F,4,) -> VERTI | F85: =VLOOKUP(C85,Setup!A:F,5,) -> AIR FRESHENERS | G85: =VLOOKUP(C85,Setup!A:F,6,) -> Air fresheners refill | H85: OA464 | I85: 7000 | J85: 7080 | K85: 84 | L85: 15 | M85: 0 | P85: 110 | Q85: 5 | U85: 6 | V85: =Q85/(Q85+J85) -> 0.0007057163 | W85: =R85/(R85+J85) -> 0 | X85: =U85/(U85+J85) -> 0.00084674005 | Y85: =(J85/(K85*(P85-M85-N85))) -> 0.76623377 | Z85: =(J85/(J85+R85+S85-T85)) -> 1 | AA85: =Y85*Z85 -> 0.76623377
A86: А3 | B86: Освежитель воздуха Verti Черный перец и апельсиновый цвет Gold edition | C86: ER-00012770 | D86: =VLOOKUP(C86,Setup!A:F,3,) -> Air freshener VERTI Black pepper and orange blossom, 250 ml | E86: =VLOOKUP(C86,Setup!A:F,4,) -> VERTI | F86: =VLOOKUP(C86,Setup!A:F,5,) -> AIR FRESHENERS | G86: =VLOOKUP(C86,Setup!A:F,6,) -> Air fresheners refill | H86: OA465 | I86: 7000 | J86: 7110 | K86: 84 | L86: 15 | M86: 0 | P86: 125 | Q86: 5 | R86: 5 | U86: 6 | V86: =Q86/(Q86+J86) -> 0.00070274069 | W86: =R86/(R86+J86) -> 0.00070274069 | X86: =U86/(U86+J86) -> 0.00084317032 | Y86: =(J86/(K86*(P86-M86-N86))) -> 0.67714286 | Z86: =(J86/(J86+R86+S86-T86)) -> 0.99929726 | AA86: =Y86*Z86 -> 0.676667
A87: А3 | B87: Освежитель воздуха Verti Магнолия и иланг-иланг Gold edition | C87: ER-00012768 | D87: =VLOOKUP(C87,Setup!A:F,3,) -> Air freshener VERTI Magnolia, 250 ml | E87: =VLOOKUP(C87,Setup!A:F,4,) -> VERTI | F87: =VLOOKUP(C87,Setup!A:F,5,) -> AIR FRESHENERS | G87: =VLOOKUP(C87,Setup!A:F,6,) -> Air fresheners refill | H87: OA466 | I87: 7000 | J87: 7014 | K87: 84 | L87: 15 | M87: 0 | P87: 100 | R87: 1 | U87: 6 | V87: =Q87/(Q87+J87) -> 0 | W87: =R87/(R87+J87) -> 0.00014255167 | X87: =U87/(U87+J87) -> 0.00085470085 | Y87: =(J87/(K87*(P87-M87-N87))) -> 0.835 | Z87: =(J87/(J87+R87+S87-T87)) -> 0.99985745 | AA87: =Y87*Z87 -> 0.83488097
A88: А3 | B88: Освежитель воздуха Созвездие ароматов By Nature | C88: 00-00007752 | D88: =VLOOKUP(C88,Setup!A:F,3,) -> Air freshener AIR PURE NATURE Constellation of aromas, 250 ml | E88: =VLOOKUP(C88,Setup!A:F,4,) -> AIR PURE | F88: =VLOOKUP(C88,Setup!A:F,5,) -> AIR FRESHENERS | G88: =VLOOKUP(C88,Setup!A:F,6,) -> Air fresheners refill | H88: OA509 | I88: 23000 | J88: =18157+240+3874+2 -> 22273 | K88: 84 | L88: 15 | M88: 0 | P88: =275-10+85 -> 350 | Q88: 2 | R88: 2 | U88: 6 | V88: =Q88/(Q88+J88) -> 8.9786756e-05 | W88: =R88/(R88+J88) -> 8.9786756e-05 | X88: =U88/(U88+J88) -> 0.00026931191 | Y88: =(J88/(K88*(P88-M88-N88))) -> 0.75758503 | Z88: =(J88/(J88+R88+S88-T88)) -> 0.99991021 | AA88: =Y88*Z88 -> 0.75751701
A89: А3 | B89: Освежитель воздуха Лента Цветочная вуаль СЛИВЕР | C89: 00-00010469 | D89: =VLOOKUP(C89,Setup!A:F,3,) -> Air freshener LENTA Verti Floral veil, 250 ml, Sl | E89: =VLOOKUP(C89,Setup!A:F,4,) -> LENTA | F89: =VLOOKUP(C89,Setup!A:F,5,) -> AIR FRESHENERS | G89: =VLOOKUP(C89,Setup!A:F,6,) -> Air fresheners refill | H89: OA471 | I89: 4192 | J89: 4128 | K89: 84 | L89: 15 | M89: 0 | P89: 85 | Q89: 11 | U89: 6 | V89: =Q89/(Q89+J89) -> 0.0026576468 | W89: =R89/(R89+J89) -> 0 | X89: =U89/(U89+J89) -> 0.0014513788 | Y89: =(J89/(K89*(P89-M89-N89))) -> 0.57815126 | Z89: =(J89/(J89+R89+S89-T89)) -> 1 | AA89: =Y89*Z89 -> 0.57815126
A90: А3 | B90: Освежитель воздуха Лента Лесная ягода СЛИВЕР | C90: 00-00010380 | D90: =VLOOKUP(C90,Setup!A:F,3,) -> Air freshener LENTA Forest berry, 250 ml, Sl | E90: =VLOOKUP(C90,Setup!A:F,4,) -> LENTA | F90: =VLOOKUP(C90,Setup!A:F,5,) -> AIR FRESHENERS | G90: =VLOOKUP(C90,Setup!A:F,6,) -> Air fresheners refill | H90: OA472 | I90: 3616 | J90: 3636 | K90: 84 | L90: 15 | M90: 0 | P90: 62 | Q90: 24 | U90: 6 | V90: =Q90/(Q90+J90) -> 0.006557377 | W90: =R90/(R90+J90) -> 0 | X90: =U90/(U90+J90) -> 0.0016474465 | Y90: =(J90/(K90*(P90-M90-N90))) -> 0.69815668 | Z90: =(J90/(J90+R90+S90-T90)) -> 1 | AA90: =Y90*Z90 -> 0.69815668
A91: А3 | B91: Освежитель воздуха Лента Королевский десерт СЛИВЕР | C91: 00-00010377 | D91: =VLOOKUP(C91,Setup!A:F,3,) -> Air freshener LENTA Queen dessert, 250 ml, Sl | E91: =VLOOKUP(C91,Setup!A:F,4,) -> LENTA | F91: =VLOOKUP(C91,Setup!A:F,5,) -> AIR FRESHENERS | G91: =VLOOKUP(C91,Setup!A:F,6,) -> Air fresheners refill | H91: OA473 | I91: 2200 | J91: 2196 | K91: 84 | L91: 15 | M91: 0 | P91: 48 | R91: 1 | U91: 6 | V91: =Q91/(Q91+J91) -> 0 | W91: =R91/(R91+J91) -> 0.00045516614 | X91: =U91/(U91+J91) -> 0.0027247956 | Y91: =(J91/(K91*(P91-M91-N91))) -> 0.54464286 | Z91: =(J91/(J91+R91+S91-T91)) -> 0.99954483 | AA91: =Y91*Z91 -> 0.54439495
A92: А3 | B92: Освежитель воздуха Лента Мокко СЛИВЕР | C92: 00-00010488 | D92: =VLOOKUP(C92,Setup!A:F,3,) -> Air freshener LENTA Verti Mocco, 250 ml, Sl | E92: =VLOOKUP(C92,Setup!A:F,4,) -> LENTA | F92: =VLOOKUP(C92,Setup!A:F,5,) -> AIR FRESHENERS | G92: =VLOOKUP(C92,Setup!A:F,6,) -> Air fresheners refill | H92: OA474 | I92: 3412 | J92: 3216 | K92: 84 | L92: 15 | M92: 0 | P92: 55 | R92: 1 | U92: 6 | V92: =Q92/(Q92+J92) -> 0 | W92: =R92/(R92+J92) -> 0.00031084862 | X92: =U92/(U92+J92) -> 0.0018621974 | Y92: =(J92/(K92*(P92-M92-N92))) -> 0.6961039 | Z92: =(J92/(J92+R92+S92-T92)) -> 0.99968915 | AA92: =Y92*Z92 -> 0.69588751
A93: А3 | B93: Освежитель воздуха Моя цена Тайфун НД | C93: 00-00011160 | D93: =VLOOKUP(C93,Setup!A:F,3,) -> Air freshener MOYA TSENA Typhoon, 250 ml | E93: =VLOOKUP(C93,Setup!A:F,4,) -> MOYA TSENA | F93: =VLOOKUP(C93,Setup!A:F,5,) -> AIR FRESHENERS | G93: =VLOOKUP(C93,Setup!A:F,6,) -> Air fresheners refill | H93: OA475 | I93: 6008 | J93: 6036 | K93: 84 | L93: 15 | M93: 0 | P93: 110 | Q93: 1 | R93: 9 | U93: 6 | V93: =Q93/(Q93+J93) -> 0.00016564519 | W93: =R93/(R93+J93) -> 0.0014888337 | X93: =U93/(U93+J93) -> 0.00099304866 | Y93: =(J93/(K93*(P93-M93-N93))) -> 0.65324675 | Z93: =(J93/(J93+R93+S93-T93)) -> 0.99851117 | AA93: =Y93*Z93 -> 0.65227418
A94: А3 | B94: Освежитель воздуха Нужные вещи Тропическая орхидея НД | C94: ER-00011670 | D94: =VLOOKUP(C94,Setup!A:F,3,) -> Air freshener NUZHNIE VESHI Tropical orchid, 250 ml, N | E94: =VLOOKUP(C94,Setup!A:F,4,) -> NUZHNYE VESHI | F94: =VLOOKUP(C94,Setup!A:F,5,) -> AIR FRESHENERS | G94: =VLOOKUP(C94,Setup!A:F,6,) -> Air fresheners refill | H94: OA476 | I94: 3014 | J94: 3064 | K94: 84 | L94: 15 | M94: 0 | P94: 60 | Q94: 4 | U94: 6 | V94: =Q94/(Q94+J94) -> 0.001303781 | W94: =R94/(R94+J94) -> 0 | X94: =U94/(U94+J94) -> 0.0019543974 | Y94: =(J94/(K94*(P94-M94-N94))) -> 0.60793651 | Z94: =(J94/(J94+R94+S94-T94)) -> 1 | AA94: =Y94*Z94 -> 0.60793651
A95: А3 | B95: Освежитель воздуха Нужные вещи Цветущая сакура НД | C95: ER-00011671 | D95: =VLOOKUP(C95,Setup!A:F,3,) -> Air freshener NUZHNIE VESHI Blooming sakura, 250 ml, N | E95: =VLOOKUP(C95,Setup!A:F,4,) -> NUZHNYE VESHI | F95: =VLOOKUP(C95,Setup!A:F,5,) -> AIR FRESHENERS | G95: =VLOOKUP(C95,Setup!A:F,6,) -> Air fresheners refill | H95: OA478 | I95: 3500 | J95: 3528 | K95: 84 | L95: 15 | M95: 0 | P95: 50 | Q95: 2 | R95: 1 | U95: 6 | V95: =Q95/(Q95+J95) -> 0.00056657224 | W95: =R95/(R95+J95) -> 0.00028336639 | X95: =U95/(U95+J95) -> 0.0016977929 | Y95: =(J95/(K95*(P95-M95-N95))) -> 0.84 | Z95: =(J95/(J95+R95+S95-T95)) -> 0.99971663 | AA95: =Y95*Z95 -> 0.83976197
A96: А3 | B96: Освежитель воздуха Нужные вещи Сочный лайм НД | C96: ER-00011672 | D96: =VLOOKUP(C96,Setup!A:F,3,) -> Air freshener NUZHNIE VESHI Juicy lime, 250 ml, N | E96: =VLOOKUP(C96,Setup!A:F,4,) -> NUZHNYE VESHI | F96: =VLOOKUP(C96,Setup!A:F,5,) -> AIR FRESHENERS | G96: =VLOOKUP(C96,Setup!A:F,6,) -> Air fresheners refill | H96: OA477 | I96: 3996 | J96: =2592+544+892 -> 4028 | K96: 60 | L96: 30 | M96: 0 | P96: =90-10+55 -> 135 | Q96: 1 | R96: 3 | U96: =6+6 -> 12 | V96: =Q96/(Q96+J96) -> 0.00024820055 | W96: =R96/(R96+J96) -> 0.0007442322 | X96: =U96/(U96+J96) -> 0.002970297 | Y96: =(J96/(K96*(P96-M96-N96))) -> 0.49728395 | Z96: =(J96/(J96+R96+S96-T96)) -> 0.99925577 | AA96: =Y96*Z96 -> 0.49691386 | AB96: mix
A97: А3 | B97: Освежитель воздуха Моя цена Гранат НД | C97: 00-00011159 | D97: =VLOOKUP(C97,Setup!A:F,3,) -> Air freshener MOYA TSENA Pomegranate, 250 ml | E97: =VLOOKUP(C97,Setup!A:F,4,) -> MOYA TSENA | F97: =VLOOKUP(C97,Setup!A:F,5,) -> AIR FRESHENERS | G97: =VLOOKUP(C97,Setup!A:F,6,) -> Air fresheners refill | H97: OA479 | I97: 5999 | J97: 5970 | K97: 84 | L97: 15 | M97: 0 | P97: 105 | R97: 1 | U97: 6 | V97: =Q97/(Q97+J97) -> 0 | W97: =R97/(R97+J97) -> 0.00016747613 | X97: =U97/(U97+J97) -> 0.0010040161 | Y97: =(J97/(K97*(P97-M97-N97))) -> 0.67687075 | Z97: =(J97/(J97+R97+S97-T97)) -> 0.99983252 | AA97: =Y97*Z97 -> 0.67675739 | AB97: mix
A98: А3 | B98: Освежитель воздуха Home aroma Дыхание тайги | C98: ER-00011591 | D98: =VLOOKUP(C98,Setup!A:F,3,) -> Air freshener AIR PURE Home Aroma Breath of the taiga, 230 ml | E98: =VLOOKUP(C98,Setup!A:F,4,) -> AIR PURE | F98: =VLOOKUP(C98,Setup!A:F,5,) -> AIR FRESHENERS | G98: =VLOOKUP(C98,Setup!A:F,6,) -> Air fresheners refill | H98: OA547 | I98: 30940 | J98: 31278 | K98: 84 | L98: 15 | M98: 0 | P98: 480 | Q98: 1 | U98: 6 | V98: =Q98/(Q98+J98) -> 3.1970332e-05 | W98: =R98/(R98+J98) -> 0 | X98: =U98/(U98+J98) -> 0.00019179133 | Y98: =(J98/(K98*(P98-M98-N98))) -> 0.77574405 | Z98: =(J98/(J98+R98+S98-T98)) -> 1 | AA98: =Y98*Z98 -> 0.77574405
A99: А3 | B99: Освежитель воздуха Home aroma Императорский сад | C99: ER-00011602 | D99: =VLOOKUP(C99,Setup!A:F,3,) -> Air freshener AIR PURE Home Aroma Imperial Garden, 230 ml | E99: =VLOOKUP(C99,Setup!A:F,4,) -> AIR PURE | F99: =VLOOKUP(C99,Setup!A:F,5,) -> AIR FRESHENERS | G99: =VLOOKUP(C99,Setup!A:F,6,) -> Air fresheners refill | H99: OA561 | I99: 15812 | J99: 15810 | K99: 84 | L99: 15 | M99: 15 | P99: 233 | Q99: 3 | R99: 1 | U99: 6 | V99: =Q99/(Q99+J99) -> 0.00018971732 | W99: =R99/(R99+J99) -> 6.3247106e-05 | X99: =U99/(U99+J99) -> 0.00037936267 | Y99: =(J99/(K99*(P99-M99-N99))) -> 0.86336828 | Z99: =(J99/(J99+R99+S99-T99)) -> 0.99993675 | AA99: =Y99*Z99 -> 0.86331368
A100: А3 | B100: Освежитель воздуха Home aroma Ананасовый пунш | C100: ER-00011601 | D100: =VLOOKUP(C100,Setup!A:F,3,) -> Air freshener AIR PURE Home Aroma Pineapple punch, 230 ml | E100: =VLOOKUP(C100,Setup!A:F,4,) -> AIR PURE | F100: =VLOOKUP(C100,Setup!A:F,5,) -> AIR FRESHENERS | G100: =VLOOKUP(C100,Setup!A:F,6,) -> Air fresheners refill | H100: OA562 | I100: 15470 | J100: 15462 | K100: 84 | L100: 15 | M100: 0 | P100: 220 | R100: 6 | U100: 6 | V100: =Q100/(Q100+J100) -> 0 | W100: =R100/(R100+J100) -> 0.0003878976 | X100: =U100/(U100+J100) -> 0.0003878976 | Y100: =(J100/(K100*(P100-M100-N100))) -> 0.83668831 | Z100: =(J100/(J100+R100+S100-T100)) -> 0.9996121 | AA100: =Y100*Z100 -> 0.83636376
...

Sheet 4
A1: Line | B1: Name | C1: Code | D1: English name | E1: Brand | F1: Nomenclature group | G1: Type of nomenclature | H1: Batch number | I1: Planned production, pcs | J1: Actual production, pcs | K1: Target line productivity rate per minute | L1: Line setup time, min | M1: Time of food stops, min | N1: Time for stops independent of line personnel, min | O1: Description of the reason for stopping column "N" | P1: Total batch production time, min | Q1: Initial defective cans, pcs | R1: Manufacturing defects of cans, pcs | S1: Недостача баллонов, шт. | T1: Излишек баллонов, шт. | U1: Number of cans taken by the laboratory for arbitration storage, pcs | V1: Initial defective cans, % | W1: Manufacturing defects of cans, % | X1: Number of cans taken by the laboratory for arbitration storage, % | Y1: ОЕЕ1 | Z1: ОЕЕ2 | AA1: ОЕЕ | AB1: Comment
A2: A4 | B2: Освежитель воздуха Либерхаус Ягодный взрыв НД | C2: 00-00001342 | D2: =VLOOKUP(C2,Setup!A:F,3,) -> Air freshener LIBERHAUS Berry explosion, 300 ml | E2: =VLOOKUP(C2,Setup!A:F,4,) -> LIBERHAUS | F2: =VLOOKUP(C2,Setup!A:F,5,) -> AIR FRESHENERS | G2: =VLOOKUP(C2,Setup!A:F,6,) -> Air fresheners waterbase | H2: OA354 | I2: 59292 | J2: 60444 | K2: 140 | L2: 15 | M2: 15 | P2: =524 -> 524 | Q2: 3 | R2: 20 | U2: 6 | V2: =Q2/(Q2+J2) -> 4.9630255e-05 | W2: =R2/(R2+J2) -> 0.00033077534 | X2: =U2/(U2+J2) -> 9.9255583e-05 | Y2: =(J2/(K2*(P2-M2-N2))) -> 0.84821779 | Z2: =(J2/(J2+R2+S2-T2)) -> 0.99966922 | AA2: =Y2*Z2 -> 0.84793722
A3: A4 | B3: Освежитель воздуха Альпен Альпийское утро 300 мл | C3: ER-00012497 | D3: =VLOOKUP(C3,Setup!A:F,3,) -> Air freshener AIR PURE BY ALPEN Alpine morning, 300 ml | E3: =VLOOKUP(C3,Setup!A:F,4,) -> ALPEN | F3: =VLOOKUP(C3,Setup!A:F,5,) -> AIR FRESHENERS | G3: =VLOOKUP(C3,Setup!A:F,6,) -> Air fresheners waterbase | H3: OA380 | I3: 10980 | J3: =6696+888+3372 -> 10956 | K3: 140 | L3: 15 | M3: 0 | N3: 63 | O3: warming up a gas mashine in cold weather | P3: =91-10+111 -> 192 | Q3: =2+2 -> 4 | R3: =7+4 -> 11 | U3: 6 | V3: =Q3/(Q3+J3) -> 0.0003649635 | W3: =R3/(R3+J3) -> 0.001003009 | X3: =U3/(U3+J3) -> 0.00054734537 | Y3: =(J3/(K3*(P3-M3-N3))) -> 0.60664452 | Z3: =(J3/(J3+R3+S3-T3)) -> 0.99899699 | AA3: =Y3*Z3 -> 0.60603605
A4: A4 | B4: Освежитель воздуха Альпен Фиалковое поле 300 мл | C4: ER-00012709 | D4: =VLOOKUP(C4,Setup!A:F,3,) -> Air freshener ALPEN Violet field, 300 ml | E4: =VLOOKUP(C4,Setup!A:F,4,) -> ALPEN | F4: =VLOOKUP(C4,Setup!A:F,5,) -> AIR FRESHENERS | G4: =VLOOKUP(C4,Setup!A:F,6,) -> Air fresheners waterbase | H4: OA372 | I4: 11550 | J4: 11532 | K4: 140 | L4: 15 | M4: 0 | P4: 121 | Q4: 2 | R4: 2 | U4: 6 | V4: =Q4/(Q4+J4) -> 0.00017340038 | W4: =R4/(R4+J4) -> 0.00017340038 | X4: =U4/(U4+J4) -> 0.0005200208 | Y4: =(J4/(K4*(P4-M4-N4))) -> 0.68075561 | Z4: =(J4/(J4+R4+S4-T4)) -> 0.9998266 | AA4: =Y4*Z4 -> 0.68063756
A5: A4 | B5: Освежитель воздуха Альпен Цветущая яблоня 300 мл | C5: ER-00012712 | D5: =VLOOKUP(C5,Setup!A:F,3,) -> Air freshener ALPEN Blooming apple tree, 300 ml | E5: =VLOOKUP(C5,Setup!A:F,4,) -> ALPEN | F5: =VLOOKUP(C5,Setup!A:F,5,) -> AIR FRESHENERS | G5: =VLOOKUP(C5,Setup!A:F,6,) -> Air fresheners waterbase | H5: OA373 | I5: 13176 | J5: 13164 | K5: 140 | L5: 15 | M5: 0 | P5: 133 | Q5: 4 | R5: 2 | U5: 6 | V5: =Q5/(Q5+J5) -> 0.00030376671 | W5: =R5/(R5+J5) -> 0.00015190643 | X5: =U5/(U5+J5) -> 0.00045558087 | Y5: =(J5/(K5*(P5-M5-N5))) -> 0.70698174 | Z5: =(J5/(J5+R5+S5-T5)) -> 0.99984809 | AA5: =Y5*Z5 -> 0.70687434
A6: A4 | B6: Освежитель воздуха Альпен Солнечный апельсин 300 мл | C6: ER-00012711 | D6: =VLOOKUP(C6,Setup!A:F,3,) -> Air freshener ALPEN Sunny Orange, 300 ml | E6: =VLOOKUP(C6,Setup!A:F,4,) -> ALPEN | F6: =VLOOKUP(C6,Setup!A:F,5,) -> AIR FRESHENERS | G6: =VLOOKUP(C6,Setup!A:F,6,) -> Air fresheners waterbase | H6: OA391 | I6: 9240 | J6: 9348 | K6: 140 | L6: 15 | M6: 0 | P6: 83 | Q6: 2 | R6: 1 | U6: 6 | V6: =Q6/(Q6+J6) -> 0.00021390374 | W6: =R6/(R6+J6) -> 0.00010696331 | X6: =U6/(U6+J6) -> 0.00064143682 | Y6: =(J6/(K6*(P6-M6-N6))) -> 0.80447504 | Z6: =(J6/(J6+R6+S6-T6)) -> 0.99989304 | AA6: =Y6*Z6 -> 0.80438899
A7: A4 | B7: Освежитель воздуха Альпен Карибское море 300 мл | C7: ER-00012708 | D7: =VLOOKUP(C7,Setup!A:F,3,) -> Air freshener ALPEN Forest breeze, 300 ml | E7: =VLOOKUP(C7,Setup!A:F,4,) -> ALPEN | F7: =VLOOKUP(C7,Setup!A:F,5,) -> AIR FRESHENERS | G7: =VLOOKUP(C7,Setup!A:F,6,) -> Air fresheners waterbase | H7: OA370 | I7: 12185 | J7: 12288 | K7: 140 | L7: 15 | M7: 0 | P7: 111 | Q7: 2 | R7: 1 | U7: 6 | V7: =Q7/(Q7+J7) -> 0.00016273393 | W7: =R7/(R7+J7) -> 8.1373586e-05 | X7: =U7/(U7+J7) -> 0.00048804295 | Y7: =(J7/(K7*(P7-M7-N7))) -> 0.79073359 | Z7: =(J7/(J7+R7+S7-T7)) -> 0.99991863 | AA7: =Y7*Z7 -> 0.79066925
A8: A4 | B8: Освежитель воздуха Альпен Цветы после дождя 300 мл | C8: ER-00012718 | D8: =VLOOKUP(C8,Setup!A:F,3,) -> Air freshener ALPEN Flowers After the rain, 300 ml | E8: =VLOOKUP(C8,Setup!A:F,4,) -> ALPEN | F8: =VLOOKUP(C8,Setup!A:F,5,) -> AIR FRESHENERS | G8: =VLOOKUP(C8,Setup!A:F,6,) -> Air fresheners waterbase | H8: OA371 | I8: 12012 | J8: 12000 | K8: 140 | L8: 15 | M8: 0 | P8: 96 | Q8: 3 | R8: 5 | U8: 6 | V8: =Q8/(Q8+J8) -> 0.00024993752 | W8: =R8/(R8+J8) -> 0.00041649313 | X8: =U8/(U8+J8) -> 0.00049975012 | Y8: =(J8/(K8*(P8-M8-N8))) -> 0.89285714 | Z8: =(J8/(J8+R8+S8-T8)) -> 0.99958351 | AA8: =Y8*Z8 -> 0.89248527
A9: A4 | B9: Освежитель воздуха Альпен Цитрусовая свежесть 300 мл | C9: ER-00012714 | D9: =VLOOKUP(C9,Setup!A:F,3,) -> Air freshener ALPEN Citrus freshness, 300 ml | E9: =VLOOKUP(C9,Setup!A:F,4,) -> ALPEN | F9: =VLOOKUP(C9,Setup!A:F,5,) -> AIR FRESHENERS | G9: =VLOOKUP(C9,Setup!A:F,6,) -> Air fresheners waterbase | H9: OA374 | I9: 9240 | J9: =6804+732+1752 -> 9288 | K9: 140 | L9: 15 | M9: 0 | P9: =80-10+15 -> 85 | Q9: =3 -> 3 | R9: =1 -> 1 | U9: 6 | V9: =Q9/(Q9+J9) -> 0.00032289312 | W9: =R9/(R9+J9) -> 0.00010765421 | X9: =U9/(U9+J9) -> 0.00064557779 | Y9: =(J9/(K9*(P9-M9-N9))) -> 0.7805042 | Z9: =(J9/(J9+R9+S9-T9)) -> 0.99989235 | AA9: =Y9*Z9 -> 0.78042018
A10: A4 | B10: Освежитель воздуха Прованс Бодрящий лайм 300 мл GG | C10: ER-00013365 | D10: =VLOOKUP(C10,Setup!A:F,3,) -> Air freshener GREEN COLLECTION BY PROVENCE Invigorating Lime, 300 ml | E10: =VLOOKUP(C10,Setup!A:F,4,) -> GREEN COLLECTION BY PROVENCE | F10: =VLOOKUP(C10,Setup!A:F,5,) -> AIR FRESHENERS | G10: =VLOOKUP(C10,Setup!A:F,6,) -> Air fresheners waterbase | H10: OA382 | I10: 1500 | J10: 1500 | K10: 140 | L10: 15 | M10: 0 | N10: 15 | O10: waiting for the cap from the plastics area | P10: 50 | U10: 4 | V10: =Q10/(Q10+J10) -> 0 | W10: =R10/(R10+J10) -> 0 | X10: =U10/(U10+J10) -> 0.0026595745 | Y10: =(J10/(K10*(P10-M10-N10))) -> 0.30612245 | Z10: =(J10/(J10+R10+S10-T10)) -> 1 | AA10: =Y10*Z10 -> 0.30612245
A11: A4 | B11: Освежитель воздуха Прованс Бодрящий лайм 300 мл | C11: ER-00011707 | D11: =VLOOKUP(C11,Setup!A:F,3,) -> Air freshener GREEN COLLECTION BY PROVENCE Invigorating Lime, 300 ml | E11: =VLOOKUP(C11,Setup!A:F,4,) -> GREEN COLLECTION BY PROVENCE | F11: =VLOOKUP(C11,Setup!A:F,5,) -> AIR FRESHENERS | G11: =VLOOKUP(C11,Setup!A:F,6,) -> Air fresheners waterbase | H11: OA382 | I11: 829 | J11: 804 | K11: 140 | L11: 0 | M11: 0 | P11: 25 | V11: =Q11/(Q11+J11) -> 0 | W11: =R11/(R11+J11) -> 0 | X11: =U11/(U11+J11) -> 0 | Y11: =(J11/(K11*(P11-M11-N11))) -> 0.22971429 | Z11: =(J11/(J11+R11+S11-T11)) -> 1 | AA11: =Y11*Z11 -> 0.22971429
A12: A4 | B12: Освежитель воздуха Прованс Гранатовый лимонад 300 мл GG | C12: ER-00013366 | D12: =VLOOKUP(C12,Setup!A:F,3,) -> Air freshener GREEN COLLECTION BY PROVENCE Pomegranate Lemonade, 300 ml | E12: =VLOOKUP(C12,Setup!A:F,4,) -> GREEN COLLECTION BY PROVENCE | F12: =VLOOKUP(C12,Setup!A:F,5,) -> AIR FRESHENERS | G12: =VLOOKUP(C12,Setup!A:F,6,) -> Air fresheners waterbase | H12: OA383 | I12: 1750 | J12: 1776 | K12: 140 | L12: 15 | M12: 0 | P12: 20 | U12: 6 | V12: =Q12/(Q12+J12) -> 0 | W12: =R12/(R12+J12) -> 0 | X12: =U12/(U12+J12) -> 0.0033670034 | Y12: =(J12/(K12*(P12-M12-N12))) -> 0.63428571 | Z12: =(J12/(J12+R12+S12-T12)) -> 1 | AA12: =Y12*Z12 -> 0.63428571
